date,DGS10,DGS2,spread_10y2y
2010-01-04,3.85,1.09,2.76
2010-01-05,3.77,1.01,2.76
2010-01-06,3.85,1.01,2.84
2010-01-07,3.85,1.03,2.8200000000000003
2010-01-08,3.83,0.96,2.87
2010-01-11,3.85,0.95,2.9000000000000004
2010-01-12,3.74,0.92,2.8200000000000003
2010-01-13,3.8,0.97,2.83
2010-01-14,3.76,0.94,2.82
2010-01-15,3.7,0.89,2.81
2010-01-18,,,
2010-01-19,3.73,0.93,2.8
2010-01-20,3.68,0.92,2.7600000000000002
2010-01-21,3.62,0.87,2.75
2010-01-22,3.62,0.84,2.7800000000000002
2010-01-25,3.66,0.86,2.8000000000000003
2010-01-26,3.65,0.87,2.78
2010-01-27,3.66,0.9,2.7600000000000002
2010-01-28,3.68,0.87,2.81
2010-01-29,3.63,0.82,2.81
2010-02-01,3.68,0.86,2.8200000000000003
2010-02-02,3.67,0.86,2.81
2010-02-03,3.73,0.88,2.85
2010-02-04,3.62,0.8,2.8200000000000003
2010-02-05,3.59,0.77,2.82
2010-02-08,3.62,0.79,2.83
2010-02-09,3.67,0.84,2.83
2010-02-10,3.72,0.91,2.81
2010-02-11,3.73,0.91,2.82
2010-02-12,3.69,0.84,2.85
2010-02-15,,,
2010-02-16,3.66,0.82,2.8400000000000003
2010-02-17,3.74,0.87,2.87
2010-02-18,3.79,0.9,2.89
2010-02-19,3.78,0.95,2.83
2010-02-22,3.8,0.91,2.8899999999999997
2010-02-23,3.69,0.87,2.82
2010-02-24,3.7,0.87,2.83
2010-02-25,3.64,0.82,2.8200000000000003
2010-02-26,3.61,0.81,2.8
2010-03-01,3.61,0.8,2.8099999999999996
2010-03-02,3.62,0.8,2.8200000000000003
2010-03-03,3.63,0.82,2.81
2010-03-04,3.61,0.86,2.75
2010-03-05,3.69,0.91,2.78
2010-03-08,3.72,0.9,2.8200000000000003
2010-03-09,3.71,0.89,2.82
2010-03-10,3.73,0.92,2.81
2010-03-11,3.73,0.97,2.76
2010-03-12,3.71,0.97,2.74
2010-03-15,3.71,0.96,2.75
2010-03-16,3.66,0.93,2.73
2010-03-17,3.65,0.95,2.7
2010-03-18,3.68,0.98,2.7
2010-03-19,3.7,1.02,2.68
2010-03-22,3.67,1.01,2.66
2010-03-23,3.69,1.02,2.67
2010-03-24,3.84,1.08,2.76
2010-03-25,3.91,1.1,2.81
2010-03-26,3.86,1.04,2.82
2010-03-29,3.88,1.04,2.84
2010-03-30,3.88,1.06,2.82
2010-03-31,3.84,1.02,2.82
2010-04-01,3.89,1.05,2.84
2010-04-02,3.96,1.11,2.8499999999999996
2010-04-05,4.01,1.18,2.83
2010-04-06,3.98,1.14,2.84
2010-04-07,3.89,1.06,2.83
2010-04-08,3.91,1.09,2.8200000000000003
2010-04-09,3.9,1.08,2.82
2010-04-12,3.87,1.07,2.8
2010-04-13,3.84,1.07,2.7699999999999996
2010-04-14,3.88,1.07,2.8099999999999996
2010-04-15,3.86,1.04,2.82
2010-04-16,3.79,0.98,2.81
2010-04-19,3.83,1.01,2.8200000000000003
2010-04-20,3.82,1.05,2.7699999999999996
2010-04-21,3.77,1.03,2.74
2010-04-22,3.8,1.07,2.7299999999999995
2010-04-23,3.84,1.1,2.7399999999999998
2010-04-26,3.83,1.09,2.74
2010-04-27,3.71,1.03,2.6799999999999997
2010-04-28,3.8,1.03,2.7699999999999996
2010-04-29,3.76,1.01,2.75
2010-04-30,3.69,0.97,2.7199999999999998
2010-05-03,3.72,1.0,2.72
2010-05-04,3.63,0.96,2.67
2010-05-05,3.58,0.88,2.7
2010-05-06,3.41,0.75,2.66
2010-05-07,3.45,0.83,2.62
2010-05-10,3.57,0.87,2.6999999999999997
2010-05-11,3.56,0.85,2.71
2010-05-12,3.56,0.89,2.67
2010-05-13,3.55,0.87,2.6799999999999997
2010-05-14,3.44,0.79,2.65
2010-05-17,3.47,0.81,2.66
2010-05-18,3.38,0.76,2.62
2010-05-19,3.36,0.8,2.5599999999999996
2010-05-20,3.25,0.76,2.49
2010-05-21,3.2,0.76,2.4400000000000004
2010-05-24,3.23,0.77,2.46
2010-05-25,3.18,0.81,2.37
2010-05-26,3.21,0.82,2.39
2010-05-27,3.34,0.87,2.4699999999999998
2010-05-28,3.31,0.76,2.55
2010-05-31,,,
2010-06-01,3.29,0.78,2.51
2010-06-02,3.35,0.82,2.5300000000000002
2010-06-03,3.39,0.82,2.5700000000000003
2010-06-04,3.2,0.72,2.4800000000000004
2010-06-07,3.17,0.74,2.4299999999999997
2010-06-08,3.18,0.74,2.4400000000000004
2010-06-09,3.2,0.74,2.46
2010-06-10,3.33,0.79,2.54
2010-06-11,3.24,0.75,2.49
2010-06-14,3.28,0.77,2.51
2010-06-15,3.32,0.79,2.53
2010-06-16,3.27,0.75,2.52
2010-06-17,3.21,0.72,2.49
2010-06-18,3.24,0.74,2.5
2010-06-21,3.26,0.74,2.5199999999999996
2010-06-22,3.18,0.71,2.47
2010-06-23,3.13,0.66,2.4699999999999998
2010-06-24,3.14,0.67,2.47
2010-06-25,3.12,0.65,2.47
2010-06-28,3.05,0.62,2.4299999999999997
2010-06-29,2.97,0.61,2.3600000000000003
2010-06-30,2.97,0.61,2.3600000000000003
2010-07-01,2.96,0.63,2.33
2010-07-02,3.0,0.63,2.37
2010-07-05,,,
2010-07-06,2.95,0.62,2.33
2010-07-07,3.0,0.63,2.37
2010-07-08,3.04,0.63,2.41
2010-07-09,3.07,0.63,2.44
2010-07-12,3.08,0.65,2.43
2010-07-13,3.15,0.67,2.48
2010-07-14,3.07,0.62,2.4499999999999997
2010-07-15,3.0,0.61,2.39
2010-07-16,2.96,0.61,2.35
2010-07-19,2.99,0.61,2.3800000000000003
2010-07-20,2.98,0.61,2.37
2010-07-21,2.9,0.58,2.32
2010-07-22,2.96,0.6,2.36
2010-07-23,3.02,0.6,2.42
2010-07-26,3.03,0.62,2.4099999999999997
2010-07-27,3.08,0.65,2.43
2010-07-28,3.03,0.61,2.42
2010-07-29,3.03,0.59,2.44
2010-07-30,2.94,0.55,2.3899999999999997
2010-08-02,2.99,0.56,2.43
2010-08-03,2.94,0.53,2.41
2010-08-04,2.98,0.56,2.42
2010-08-05,2.94,0.53,2.41
2010-08-06,2.86,0.5,2.36
2010-08-09,2.86,0.54,2.32
2010-08-10,2.79,0.52,2.27
2010-08-11,2.72,0.54,2.18
2010-08-12,2.74,0.55,2.1900000000000004
2010-08-13,2.68,0.54,2.14
2010-08-16,2.58,0.51,2.0700000000000003
2010-08-17,2.64,0.52,2.12
2010-08-18,2.64,0.51,2.13
2010-08-19,2.58,0.49,2.09
2010-08-20,2.62,0.49,2.13
2010-08-23,2.6,0.49,2.1100000000000003
2010-08-24,2.5,0.5,2.0
2010-08-25,2.54,0.53,2.01
2010-08-26,2.5,0.51,1.99
2010-08-27,2.66,0.56,2.1
2010-08-30,2.54,0.5,2.04
2010-08-31,2.47,0.47,2.0
2010-09-01,2.58,0.5,2.08
2010-09-02,2.63,0.5,2.13
2010-09-03,2.72,0.52,2.2
2010-09-06,,,
2010-09-07,2.61,0.49,2.12
2010-09-08,2.66,0.52,2.14
2010-09-09,2.77,0.57,2.2
2010-09-10,2.81,0.58,2.23
2010-09-13,2.74,0.53,2.21
2010-09-14,2.68,0.5,2.18
2010-09-15,2.74,0.5,2.24
2010-09-16,2.77,0.48,2.29
2010-09-17,2.75,0.48,2.27
2010-09-20,2.72,0.47,2.25
2010-09-21,2.61,0.43,2.1799999999999997
2010-09-22,2.56,0.44,2.12
2010-09-23,2.56,0.45,2.11
2010-09-24,2.62,0.45,2.17
2010-09-27,2.54,0.44,2.1
2010-09-28,2.48,0.37,2.11
2010-09-29,2.52,0.44,2.08
2010-09-30,2.53,0.42,2.11
2010-10-01,2.54,0.42,2.12
2010-10-04,2.5,0.41,2.09
2010-10-05,2.5,0.41,2.09
2010-10-06,2.41,0.38,2.0300000000000002
2010-10-07,2.41,0.36,2.0500000000000003
2010-10-08,2.41,0.35,2.06
2010-10-11,,,
2010-10-12,2.44,0.37,2.07
2010-10-13,2.46,0.37,2.09
2010-10-14,2.52,0.38,2.14
2010-10-15,2.59,0.37,2.2199999999999998
2010-10-18,2.52,0.38,2.14
2010-10-19,2.5,0.37,2.13
2010-10-20,2.51,0.35,2.1599999999999997
2010-10-21,2.57,0.37,2.1999999999999997
2010-10-22,2.59,0.35,2.2399999999999998
2010-10-25,2.59,0.37,2.2199999999999998
2010-10-26,2.67,0.4,2.27
2010-10-27,2.75,0.4,2.35
2010-10-28,2.69,0.37,2.32
2010-10-29,2.63,0.34,2.29
2010-11-01,2.66,0.34,2.3200000000000003
2010-11-02,2.63,0.34,2.29
2010-11-03,2.67,0.34,2.33
2010-11-04,2.53,0.33,2.1999999999999997
2010-11-05,2.58,0.38,2.2
2010-11-08,2.6,0.41,2.19
2010-11-09,2.72,0.46,2.2600000000000002
2010-11-10,2.65,0.44,2.21
2010-11-11,,,
2010-11-12,2.76,0.51,2.25
2010-11-15,2.92,0.53,2.3899999999999997
2010-11-16,2.85,0.51,2.34
2010-11-17,2.89,0.5,2.39
2010-11-18,2.9,0.52,2.38
2010-11-19,2.88,0.52,2.36
2010-11-22,2.8,0.49,2.3099999999999996
2010-11-23,2.77,0.45,2.32
2010-11-24,2.93,0.53,2.4000000000000004
2010-11-25,,,
2010-11-26,2.87,0.51,2.3600000000000003
2010-11-29,2.84,0.52,2.32
2010-11-30,2.81,0.45,2.36
2010-12-01,2.97,0.53,2.4400000000000004
2010-12-02,3.01,0.55,2.46
2010-12-03,3.03,0.49,2.54
2010-12-06,2.95,0.42,2.5300000000000002
2010-12-07,3.15,0.54,2.61
2010-12-08,3.26,0.63,2.63
2010-12-09,3.23,0.64,2.59
2010-12-10,3.32,0.64,2.6799999999999997
2010-12-13,3.29,0.61,2.68
2010-12-14,3.49,0.66,2.83
2010-12-15,3.53,0.68,2.8499999999999996
2010-12-16,3.47,0.66,2.81
2010-12-17,3.33,0.61,2.72
2010-12-20,3.36,0.62,2.7399999999999998
2010-12-21,3.35,0.63,2.72
2010-12-22,3.36,0.65,2.71
2010-12-23,3.41,0.67,2.74
2010-12-24,,,
2010-12-27,3.36,0.71,2.65
2010-12-28,3.5,0.75,2.75
2010-12-29,3.35,0.64,2.71
2010-12-30,3.38,0.66,2.7199999999999998
2010-12-31,3.3,0.61,2.69
2011-01-03,3.36,0.61,2.75
2011-01-04,3.36,0.63,2.73
2011-01-05,3.5,0.71,2.79
2011-01-06,3.44,0.68,2.76
2011-01-07,3.34,0.6,2.7399999999999998
2011-01-10,3.32,0.59,2.73
2011-01-11,3.37,0.6,2.77
2011-01-12,3.4,0.61,2.79
2011-01-13,3.34,0.59,2.75
2011-01-14,3.35,0.59,2.7600000000000002
2011-01-17,,,
2011-01-18,3.39,0.6,2.79
2011-01-19,3.37,0.6,2.77
2011-01-20,3.47,0.65,2.8200000000000003
2011-01-21,3.44,0.63,2.81
2011-01-24,3.43,0.65,2.7800000000000002
2011-01-25,3.35,0.62,2.73
2011-01-26,3.45,0.62,2.83
2011-01-27,3.42,0.59,2.83
2011-01-28,3.36,0.54,2.82
2011-01-31,3.42,0.58,2.84
2011-02-01,3.48,0.61,2.87
2011-02-02,3.52,0.67,2.85
2011-02-03,3.58,0.71,2.87
2011-02-04,3.68,0.77,2.91
2011-02-07,3.68,0.78,2.9000000000000004
2011-02-08,3.75,0.86,2.89
2011-02-09,3.65,0.81,2.84
2011-02-10,3.7,0.85,2.85
2011-02-11,3.64,0.85,2.79
2011-02-14,3.62,0.87,2.75
2011-02-15,3.61,0.84,2.77
2011-02-16,3.62,0.86,2.7600000000000002
2011-02-17,3.58,0.8,2.7800000000000002
2011-02-18,3.59,0.78,2.8099999999999996
2011-02-21,,,
2011-02-22,3.46,0.74,2.7199999999999998
2011-02-23,3.49,0.74,2.75
2011-02-24,3.46,0.73,2.73
2011-02-25,3.42,0.72,2.7
2011-02-28,3.42,0.69,2.73
2011-03-01,3.41,0.66,2.75
2011-03-02,3.46,0.69,2.77
2011-03-03,3.58,0.79,2.79
2011-03-04,3.49,0.68,2.81
2011-03-07,3.51,0.7,2.8099999999999996
2011-03-08,3.56,0.73,2.83
2011-03-09,3.48,0.7,2.7800000000000002
2011-03-10,3.37,0.65,2.72
2011-03-11,3.4,0.64,2.76
2011-03-14,3.36,0.61,2.75
2011-03-15,3.33,0.63,2.7
2011-03-16,3.22,0.58,2.64
2011-03-17,3.25,0.6,2.65
2011-03-18,3.28,0.61,2.67
2011-03-21,3.34,0.67,2.67
2011-03-22,3.34,0.68,2.6599999999999997
2011-03-23,3.36,0.69,2.67
2011-03-24,3.42,0.72,2.7
2011-03-25,3.46,0.79,2.67
2011-03-28,3.47,0.81,2.66
2011-03-29,3.5,0.81,2.69
2011-03-30,3.47,0.8,2.67
2011-03-31,3.47,0.8,2.67
2011-04-01,3.46,0.8,2.66
2011-04-04,3.45,0.77,2.68
2011-04-05,3.5,0.84,2.66
2011-04-06,3.56,0.85,2.71
2011-04-07,3.58,0.81,2.77
2011-04-08,3.59,0.83,2.76
2011-04-11,3.59,0.85,2.7399999999999998
2011-04-12,3.52,0.77,2.75
2011-04-13,3.49,0.75,2.74
2011-04-14,3.51,0.77,2.7399999999999998
2011-04-15,3.43,0.71,2.72
2011-04-18,3.4,0.69,2.71
2011-04-19,3.39,0.68,2.71
2011-04-20,3.43,0.69,2.74
2011-04-21,3.42,0.68,2.7399999999999998
2011-04-22,,,
2011-04-25,3.39,0.67,2.72
2011-04-26,3.34,0.65,2.69
2011-04-27,3.39,0.65,2.74
2011-04-28,3.34,0.62,2.7199999999999998
2011-04-29,3.32,0.61,2.71
2011-05-02,3.31,0.61,2.7
2011-05-03,3.28,0.61,2.67
2011-05-04,3.25,0.6,2.65
2011-05-05,3.18,0.58,2.6
2011-05-06,3.19,0.57,2.62
2011-05-09,3.17,0.57,2.6
2011-05-10,3.23,0.59,2.64
2011-05-11,3.19,0.56,2.63
2011-05-12,3.22,0.57,2.6500000000000004
2011-05-13,3.18,0.57,2.6100000000000003
2011-05-16,3.15,0.54,2.61
2011-05-17,3.12,0.55,2.5700000000000003
2011-05-18,3.18,0.58,2.6
2011-05-19,3.17,0.55,2.62
2011-05-20,3.15,0.55,2.5999999999999996
2011-05-23,3.13,0.55,2.58
2011-05-24,3.12,0.56,2.56
2011-05-25,3.13,0.54,2.59
2011-05-26,3.07,0.48,2.59
2011-05-27,3.07,0.48,2.59
2011-05-30,,,
2011-05-31,3.05,0.45,2.5999999999999996
2011-06-01,2.96,0.44,2.52
2011-06-02,3.04,0.45,2.59
2011-06-03,2.99,0.42,2.5700000000000003
2011-06-06,3.01,0.43,2.5799999999999996
2011-06-07,3.01,0.39,2.6199999999999997
2011-06-08,2.98,0.39,2.59
2011-06-09,3.01,0.43,2.5799999999999996
2011-06-10,2.99,0.41,2.58
2011-06-13,3.0,0.4,2.6
2011-06-14,3.11,0.45,2.6599999999999997
2011-06-15,2.98,0.38,2.6
2011-06-16,2.93,0.38,2.5500000000000003
2011-06-17,2.94,0.38,2.56
2011-06-20,2.97,0.38,2.5900000000000003
2011-06-21,2.99,0.4,2.5900000000000003
2011-06-22,3.01,0.39,2.6199999999999997
2011-06-23,2.93,0.35,2.58
2011-06-24,2.88,0.35,2.53
2011-06-27,2.95,0.41,2.54
2011-06-28,3.05,0.48,2.57
2011-06-29,3.14,0.47,2.67
2011-06-30,3.18,0.45,2.73
2011-07-01,3.22,0.5,2.72
2011-07-04,,,
2011-07-05,3.16,0.44,2.72
2011-07-06,3.12,0.43,2.69
2011-07-07,3.17,0.49,2.6799999999999997
2011-07-08,3.03,0.4,2.63
2011-07-11,2.94,0.37,2.57
2011-07-12,2.92,0.37,2.55
2011-07-13,2.92,0.37,2.55
2011-07-14,2.98,0.38,2.6
2011-07-15,2.94,0.37,2.57
2011-07-18,2.94,0.37,2.57
2011-07-19,2.91,0.39,2.52
2011-07-20,2.96,0.4,2.56
2011-07-21,3.03,0.4,2.63
2011-07-22,2.99,0.4,2.5900000000000003
2011-07-25,3.03,0.42,2.61
2011-07-26,2.99,0.41,2.58
2011-07-27,3.01,0.44,2.57
2011-07-28,2.98,0.42,2.56
2011-07-29,2.82,0.36,2.46
2011-08-01,2.77,0.38,2.39
2011-08-02,2.66,0.33,2.33
2011-08-03,2.64,0.33,2.31
2011-08-04,2.47,0.27,2.2
2011-08-05,2.58,0.28,2.3
2011-08-08,2.4,0.27,2.13
2011-08-09,2.2,0.19,2.0100000000000002
2011-08-10,2.17,0.19,1.98
2011-08-11,2.34,0.19,2.15
2011-08-12,2.24,0.2,2.04
2011-08-15,2.29,0.19,2.1
2011-08-16,2.23,0.2,2.03
2011-08-17,2.17,0.19,1.98
2011-08-18,2.08,0.2,1.8800000000000001
2011-08-19,2.07,0.2,1.8699999999999999
2011-08-22,2.1,0.22,1.8800000000000001
2011-08-23,2.15,0.22,1.93
2011-08-24,2.29,0.23,2.06
2011-08-25,2.23,0.22,2.01
2011-08-26,2.19,0.2,1.99
2011-08-29,2.28,0.2,2.0799999999999996
2011-08-30,2.19,0.2,1.99
2011-08-31,2.23,0.2,2.03
2011-09-01,2.15,0.19,1.96
2011-09-02,2.02,0.2,1.82
2011-09-05,,,
2011-09-06,1.98,0.21,1.77
2011-09-07,2.05,0.21,1.8399999999999999
2011-09-08,2.0,0.19,1.81
2011-09-09,1.93,0.17,1.76
2011-09-12,1.94,0.21,1.73
2011-09-13,2.0,0.21,1.79
2011-09-14,2.03,0.19,1.8399999999999999
2011-09-15,2.09,0.21,1.88
2011-09-16,2.08,0.18,1.9000000000000001
2011-09-19,1.97,0.16,1.81
2011-09-20,1.95,0.18,1.77
2011-09-21,1.88,0.21,1.67
2011-09-22,1.72,0.2,1.52
2011-09-23,1.84,0.23,1.61
2011-09-26,1.91,0.25,1.66
2011-09-27,2.0,0.25,1.75
2011-09-28,2.03,0.27,1.7599999999999998
2011-09-29,1.99,0.27,1.72
2011-09-30,1.92,0.25,1.67
2011-10-03,1.8,0.24,1.56
2011-10-04,1.81,0.25,1.56
2011-10-05,1.92,0.25,1.67
2011-10-06,2.01,0.29,1.7199999999999998
2011-10-07,2.1,0.3,1.8
2011-10-10,,,
2011-10-11,2.18,0.32,1.86
2011-10-12,2.24,0.29,1.9500000000000002
2011-10-13,2.19,0.29,1.9
2011-10-14,2.26,0.28,1.9799999999999998
2011-10-17,2.18,0.28,1.9000000000000001
2011-10-18,2.19,0.28,1.91
2011-10-19,2.18,0.28,1.9000000000000001
2011-10-20,2.2,0.28,1.9200000000000002
2011-10-21,2.23,0.3,1.93
2011-10-24,2.25,0.3,1.95
2011-10-25,2.14,0.26,1.8800000000000001
2011-10-26,2.23,0.28,1.95
2011-10-27,2.42,0.31,2.11
2011-10-28,2.34,0.28,2.0599999999999996
2011-10-31,2.17,0.25,1.92
2011-11-01,2.01,0.23,1.7799999999999998
2011-11-02,2.03,0.23,1.7999999999999998
2011-11-03,2.09,0.24,1.8499999999999999
2011-11-04,2.06,0.22,1.84
2011-11-07,2.04,0.25,1.79
2011-11-08,2.1,0.25,1.85
2011-11-09,2.0,0.24,1.76
2011-11-10,2.04,0.24,1.8
2011-11-11,,,
2011-11-14,2.04,0.24,1.8
2011-11-15,2.06,0.26,1.8
2011-11-16,2.01,0.26,1.7499999999999998
2011-11-17,1.96,0.27,1.69
2011-11-18,2.01,0.29,1.7199999999999998
2011-11-21,1.97,0.27,1.7
2011-11-22,1.94,0.26,1.68
2011-11-23,1.89,0.26,1.63
2011-11-24,,,
2011-11-25,1.97,0.28,1.69
2011-11-28,1.97,0.26,1.71
2011-11-29,2.0,0.27,1.73
2011-11-30,2.08,0.25,1.83
2011-12-01,2.11,0.27,1.8399999999999999
2011-12-02,2.05,0.25,1.7999999999999998
2011-12-05,2.04,0.27,1.77
2011-12-06,2.08,0.25,1.83
2011-12-07,2.02,0.24,1.78
2011-12-08,1.99,0.22,1.77
2011-12-09,2.07,0.22,1.8499999999999999
2011-12-12,2.03,0.24,1.7899999999999998
2011-12-13,1.96,0.24,1.72
2011-12-14,1.92,0.25,1.67
2011-12-15,1.92,0.26,1.66
2011-12-16,1.86,0.24,1.62
2011-12-19,1.82,0.24,1.58
2011-12-20,1.94,0.26,1.68
2011-12-21,1.98,0.28,1.7
2011-12-22,1.97,0.28,1.69
2011-12-23,2.03,0.28,1.7499999999999998
2011-12-26,,,
2011-12-27,2.02,0.3,1.72
2011-12-28,1.93,0.28,1.65
2011-12-29,1.91,0.28,1.63
2011-12-30,1.89,0.25,1.64
2012-01-02,,,
2012-01-03,1.97,0.27,1.7
2012-01-04,2.0,0.25,1.75
2012-01-05,2.02,0.27,1.75
2012-01-06,1.98,0.25,1.73
2012-01-09,1.98,0.26,1.72
2012-01-10,2.0,0.24,1.76
2012-01-11,1.93,0.24,1.69
2012-01-12,1.94,0.22,1.72
2012-01-13,1.89,0.24,1.65
2012-01-16,,,
2012-01-17,1.87,0.21,1.6600000000000001
2012-01-18,1.92,0.24,1.68
2012-01-19,2.01,0.26,1.7499999999999998
2012-01-20,2.05,0.26,1.7899999999999998
2012-01-23,2.09,0.26,1.8299999999999998
2012-01-24,2.08,0.24,1.84
2012-01-25,2.01,0.22,1.7899999999999998
2012-01-26,1.96,0.22,1.74
2012-01-27,1.93,0.22,1.71
2012-01-30,1.87,0.22,1.6500000000000001
2012-01-31,1.83,0.22,1.61
2012-02-01,1.87,0.23,1.6400000000000001
2012-02-02,1.86,0.23,1.6300000000000001
2012-02-03,1.97,0.23,1.74
2012-02-06,1.93,0.24,1.69
2012-02-07,2.0,0.25,1.75
2012-02-08,2.01,0.27,1.7399999999999998
2012-02-09,2.04,0.27,1.77
2012-02-10,1.96,0.27,1.69
2012-02-13,1.99,0.29,1.7
2012-02-14,1.92,0.29,1.63
2012-02-15,1.93,0.29,1.64
2012-02-16,1.99,0.29,1.7
2012-02-17,2.01,0.29,1.7199999999999998
2012-02-20,,,
2012-02-21,2.05,0.31,1.7399999999999998
2012-02-22,2.01,0.29,1.7199999999999998
2012-02-23,1.99,0.31,1.68
2012-02-24,1.98,0.31,1.67
2012-02-27,1.92,0.3,1.6199999999999999
2012-02-28,1.94,0.3,1.64
2012-02-29,1.98,0.3,1.68
2012-03-01,2.03,0.3,1.7299999999999998
2012-03-02,1.99,0.28,1.71
2012-03-05,2.0,0.31,1.69
2012-03-06,1.96,0.3,1.66
2012-03-07,1.98,0.3,1.68
2012-03-08,2.03,0.32,1.7099999999999997
2012-03-09,2.04,0.33,1.71
2012-03-12,2.04,0.33,1.71
2012-03-13,2.14,0.35,1.79
2012-03-14,2.29,0.4,1.8900000000000001
2012-03-15,2.29,0.37,1.92
2012-03-16,2.31,0.37,1.94
2012-03-19,2.39,0.39,2.0
2012-03-20,2.38,0.41,1.97
2012-03-21,2.31,0.39,1.92
2012-03-22,2.29,0.37,1.92
2012-03-23,2.25,0.37,1.88
2012-03-26,2.26,0.36,1.9
2012-03-27,2.2,0.33,1.87
2012-03-28,2.21,0.34,1.8699999999999999
2012-03-29,2.18,0.33,1.85
2012-03-30,2.23,0.33,1.9
2012-04-02,2.22,0.33,1.8900000000000001
2012-04-03,2.3,0.36,1.94
2012-04-04,2.25,0.35,1.9
2012-04-05,2.19,0.35,1.8399999999999999
2012-04-06,2.07,0.32,1.7499999999999998
2012-04-09,2.06,0.32,1.74
2012-04-10,2.01,0.28,1.7299999999999998
2012-04-11,2.05,0.3,1.7499999999999998
2012-04-12,2.08,0.29,1.79
2012-04-13,2.02,0.27,1.75
2012-04-16,2.0,0.27,1.73
2012-04-17,2.03,0.27,1.7599999999999998
2012-04-18,2.0,0.27,1.73
2012-04-19,1.98,0.27,1.71
2012-04-20,1.99,0.29,1.7
2012-04-23,1.96,0.27,1.69
2012-04-24,2.0,0.27,1.73
2012-04-25,2.01,0.26,1.7499999999999998
2012-04-26,1.98,0.26,1.72
2012-04-27,1.96,0.26,1.7
2012-04-30,1.95,0.27,1.68
2012-05-01,1.98,0.27,1.71
2012-05-02,1.96,0.27,1.69
2012-05-03,1.96,0.28,1.68
2012-05-04,1.91,0.27,1.64
2012-05-07,1.92,0.27,1.65
2012-05-08,1.88,0.27,1.6099999999999999
2012-05-09,1.87,0.27,1.6
2012-05-10,1.89,0.27,1.6199999999999999
2012-05-11,1.84,0.27,1.57
2012-05-14,1.78,0.29,1.49
2012-05-15,1.76,0.29,1.47
2012-05-16,1.76,0.3,1.46
2012-05-17,1.7,0.32,1.38
2012-05-18,1.71,0.32,1.39
2012-05-21,1.75,0.3,1.45
2012-05-22,1.79,0.3,1.49
2012-05-23,1.73,0.28,1.45
2012-05-24,1.77,0.29,1.48
2012-05-25,1.75,0.3,1.45
2012-05-28,,,
2012-05-29,1.74,0.3,1.44
2012-05-30,1.63,0.27,1.3599999999999999
2012-05-31,1.59,0.27,1.32
2012-06-01,1.47,0.25,1.22
2012-06-04,1.53,0.25,1.28
2012-06-05,1.57,0.25,1.32
2012-06-06,1.66,0.26,1.4
2012-06-07,1.66,0.27,1.39
2012-06-08,1.65,0.28,1.3699999999999999
2012-06-11,1.6,0.27,1.33
2012-06-12,1.67,0.3,1.3699999999999999
2012-06-13,1.61,0.3,1.31
2012-06-14,1.64,0.3,1.3399999999999999
2012-06-15,1.6,0.29,1.31
2012-06-18,1.59,0.29,1.3
2012-06-19,1.64,0.3,1.3399999999999999
2012-06-20,1.65,0.32,1.3299999999999998
2012-06-21,1.63,0.32,1.3099999999999998
2012-06-22,1.69,0.31,1.38
2012-06-25,1.63,0.31,1.3199999999999998
2012-06-26,1.66,0.31,1.3499999999999999
2012-06-27,1.65,0.31,1.3399999999999999
2012-06-28,1.6,0.31,1.29
2012-06-29,1.67,0.33,1.3399999999999999
2012-07-02,1.61,0.3,1.31
2012-07-03,1.65,0.3,1.3499999999999999
2012-07-04,,,
2012-07-05,1.62,0.28,1.34
2012-07-06,1.57,0.27,1.3
2012-07-09,1.53,0.27,1.26
2012-07-10,1.53,0.27,1.26
2012-07-11,1.54,0.27,1.27
2012-07-12,1.5,0.25,1.25
2012-07-13,1.52,0.25,1.27
2012-07-16,1.5,0.24,1.26
2012-07-17,1.53,0.25,1.28
2012-07-18,1.52,0.22,1.3
2012-07-19,1.54,0.22,1.32
2012-07-20,1.49,0.22,1.27
2012-07-23,1.47,0.22,1.25
2012-07-24,1.44,0.22,1.22
2012-07-25,1.43,0.22,1.21
2012-07-26,1.45,0.23,1.22
2012-07-27,1.58,0.25,1.33
2012-07-30,1.53,0.23,1.3
2012-07-31,1.51,0.23,1.28
2012-08-01,1.56,0.24,1.32
2012-08-02,1.51,0.24,1.27
2012-08-03,1.6,0.24,1.36
2012-08-06,1.59,0.24,1.35
2012-08-07,1.66,0.27,1.39
2012-08-08,1.68,0.29,1.39
2012-08-09,1.69,0.29,1.4
2012-08-10,1.65,0.27,1.38
2012-08-13,1.65,0.27,1.38
2012-08-14,1.73,0.27,1.46
2012-08-15,1.8,0.27,1.53
2012-08-16,1.83,0.29,1.54
2012-08-17,1.81,0.29,1.52
2012-08-20,1.82,0.29,1.53
2012-08-21,1.8,0.31,1.49
2012-08-22,1.71,0.26,1.45
2012-08-23,1.68,0.26,1.42
2012-08-24,1.68,0.28,1.4
2012-08-27,1.65,0.28,1.3699999999999999
2012-08-28,1.64,0.27,1.3699999999999999
2012-08-29,1.66,0.27,1.39
2012-08-30,1.63,0.27,1.3599999999999999
2012-08-31,1.57,0.22,1.35
2012-09-03,,,
2012-09-04,1.59,0.23,1.36
2012-09-05,1.6,0.25,1.35
2012-09-06,1.68,0.27,1.41
2012-09-07,1.67,0.25,1.42
2012-09-10,1.68,0.25,1.43
2012-09-11,1.7,0.25,1.45
2012-09-12,1.77,0.25,1.52
2012-09-13,1.75,0.24,1.51
2012-09-14,1.88,0.27,1.6099999999999999
2012-09-17,1.85,0.25,1.6
2012-09-18,1.82,0.25,1.57
2012-09-19,1.79,0.27,1.52
2012-09-20,1.8,0.27,1.53
2012-09-21,1.77,0.27,1.5
2012-09-24,1.74,0.27,1.47
2012-09-25,1.7,0.27,1.43
2012-09-26,1.64,0.26,1.38
2012-09-27,1.66,0.25,1.41
2012-09-28,1.65,0.23,1.42
2012-10-01,1.64,0.25,1.39
2012-10-02,1.64,0.23,1.41
2012-10-03,1.64,0.23,1.41
2012-10-04,1.7,0.23,1.47
2012-10-05,1.75,0.27,1.48
2012-10-08,,,
2012-10-09,1.74,0.25,1.49
2012-10-10,1.72,0.27,1.45
2012-10-11,1.7,0.28,1.42
2012-10-12,1.69,0.27,1.42
2012-10-15,1.7,0.27,1.43
2012-10-16,1.75,0.27,1.48
2012-10-17,1.83,0.3,1.53
2012-10-18,1.86,0.29,1.57
2012-10-19,1.79,0.3,1.49
2012-10-22,1.83,0.32,1.51
2012-10-23,1.79,0.29,1.5
2012-10-24,1.8,0.29,1.51
2012-10-25,1.86,0.31,1.55
2012-10-26,1.78,0.3,1.48
2012-10-29,1.74,0.3,1.44
2012-10-30,,,
2012-10-31,1.72,0.3,1.42
2012-11-01,1.75,0.3,1.45
2012-11-02,1.75,0.28,1.47
2012-11-05,1.72,0.28,1.44
2012-11-06,1.78,0.3,1.48
2012-11-07,1.68,0.27,1.41
2012-11-08,1.62,0.27,1.35
2012-11-09,1.61,0.27,1.34
2012-11-12,,,
2012-11-13,1.59,0.27,1.32
2012-11-14,1.59,0.25,1.34
2012-11-15,1.58,0.24,1.34
2012-11-16,1.58,0.24,1.34
2012-11-19,1.61,0.25,1.36
2012-11-20,1.66,0.27,1.39
2012-11-21,1.69,0.27,1.42
2012-11-22,,,
2012-11-23,1.7,0.29,1.41
2012-11-26,1.66,0.27,1.39
2012-11-27,1.64,0.27,1.3699999999999999
2012-11-28,1.63,0.27,1.3599999999999999
2012-11-29,1.62,0.25,1.37
2012-11-30,1.62,0.25,1.37
2012-12-03,1.63,0.25,1.38
2012-12-04,1.62,0.25,1.37
2012-12-05,1.6,0.25,1.35
2012-12-06,1.59,0.25,1.34
2012-12-07,1.64,0.25,1.39
2012-12-10,1.63,0.24,1.39
2012-12-11,1.66,0.24,1.42
2012-12-12,1.72,0.25,1.47
2012-12-13,1.74,0.27,1.47
2012-12-14,1.72,0.24,1.48
2012-12-17,1.78,0.25,1.53
2012-12-18,1.84,0.28,1.56
2012-12-19,1.82,0.28,1.54
2012-12-20,1.81,0.28,1.53
2012-12-21,1.77,0.26,1.51
2012-12-24,1.79,0.26,1.53
2012-12-25,,,
2012-12-26,1.77,0.26,1.51
2012-12-27,1.74,0.26,1.48
2012-12-28,1.73,0.27,1.46
2012-12-31,1.78,0.25,1.53
2013-01-01,,,
2013-01-02,1.86,0.27,1.59
2013-01-03,1.92,0.27,1.65
2013-01-04,1.93,0.27,1.66
2013-01-07,1.92,0.27,1.65
2013-01-08,1.89,0.25,1.64
2013-01-09,1.88,0.24,1.64
2013-01-10,1.91,0.26,1.65
2013-01-11,1.89,0.26,1.63
2013-01-14,1.89,0.26,1.63
2013-01-15,1.86,0.26,1.6
2013-01-16,1.84,0.26,1.58
2013-01-17,1.89,0.28,1.6099999999999999
2013-01-18,1.87,0.26,1.61
2013-01-21,,,
2013-01-22,1.86,0.26,1.6
2013-01-23,1.86,0.26,1.6
2013-01-24,1.88,0.23,1.65
2013-01-25,1.98,0.28,1.7
2013-01-28,2.0,0.29,1.71
2013-01-29,2.03,0.3,1.7299999999999998
2013-01-30,2.03,0.27,1.7599999999999998
2013-01-31,2.02,0.27,1.75
2013-02-01,2.04,0.27,1.77
2013-02-04,2.0,0.25,1.75
2013-02-05,2.04,0.27,1.77
2013-02-06,2.0,0.27,1.73
2013-02-07,1.99,0.25,1.74
2013-02-08,1.99,0.25,1.74
2013-02-11,1.99,0.27,1.72
2013-02-12,2.02,0.29,1.73
2013-02-13,2.05,0.29,1.7599999999999998
2013-02-14,2.0,0.27,1.73
2013-02-15,2.01,0.29,1.7199999999999998
2013-02-18,,,
2013-02-19,2.03,0.29,1.7399999999999998
2013-02-20,2.02,0.27,1.75
2013-02-21,1.99,0.26,1.73
2013-02-22,1.97,0.27,1.7
2013-02-25,1.88,0.25,1.63
2013-02-26,1.88,0.25,1.63
2013-02-27,1.91,0.27,1.64
2013-02-28,1.89,0.25,1.64
2013-03-01,1.86,0.25,1.61
2013-03-04,1.88,0.24,1.64
2013-03-05,1.9,0.25,1.65
2013-03-06,1.95,0.25,1.7
2013-03-07,2.0,0.25,1.75
2013-03-08,2.06,0.27,1.79
2013-03-11,2.07,0.27,1.7999999999999998
2013-03-12,2.03,0.27,1.7599999999999998
2013-03-13,2.04,0.27,1.77
2013-03-14,2.04,0.27,1.77
2013-03-15,2.01,0.25,1.7599999999999998
2013-03-18,1.96,0.26,1.7
2013-03-19,1.92,0.24,1.68
2013-03-20,1.96,0.26,1.7
2013-03-21,1.95,0.27,1.68
2013-03-22,1.93,0.26,1.67
2013-03-25,1.93,0.24,1.69
2013-03-26,1.92,0.25,1.67
2013-03-27,1.87,0.25,1.62
2013-03-28,1.87,0.25,1.62
2013-03-29,,,
2013-04-01,1.86,0.23,1.6300000000000001
2013-04-02,1.88,0.25,1.63
2013-04-03,1.83,0.24,1.59
2013-04-04,1.78,0.22,1.56
2013-04-05,1.72,0.24,1.48
2013-04-08,1.76,0.24,1.52
2013-04-09,1.78,0.24,1.54
2013-04-10,1.84,0.24,1.6
2013-04-11,1.82,0.24,1.58
2013-04-12,1.75,0.22,1.53
2013-04-15,1.72,0.22,1.5
2013-04-16,1.75,0.24,1.51
2013-04-17,1.73,0.24,1.49
2013-04-18,1.72,0.24,1.48
2013-04-19,1.73,0.24,1.49
2013-04-22,1.72,0.24,1.48
2013-04-23,1.74,0.23,1.51
2013-04-24,1.73,0.23,1.5
2013-04-25,1.74,0.23,1.51
2013-04-26,1.7,0.22,1.48
2013-04-29,1.7,0.2,1.5
2013-04-30,1.7,0.22,1.48
2013-05-01,1.66,0.2,1.46
2013-05-02,1.66,0.2,1.46
2013-05-03,1.78,0.22,1.56
2013-05-06,1.8,0.22,1.58
2013-05-07,1.82,0.22,1.6
2013-05-08,1.81,0.22,1.59
2013-05-09,1.81,0.22,1.59
2013-05-10,1.9,0.26,1.64
2013-05-13,1.92,0.24,1.68
2013-05-14,1.96,0.26,1.7
2013-05-15,1.94,0.26,1.68
2013-05-16,1.87,0.23,1.6400000000000001
2013-05-17,1.95,0.26,1.69
2013-05-20,1.97,0.26,1.71
2013-05-21,1.94,0.26,1.68
2013-05-22,2.03,0.26,1.7699999999999998
2013-05-23,2.02,0.26,1.76
2013-05-24,2.01,0.26,1.7499999999999998
2013-05-27,,,
2013-05-28,2.15,0.29,1.8599999999999999
2013-05-29,2.13,0.3,1.8299999999999998
2013-05-30,2.13,0.31,1.8199999999999998
2013-05-31,2.16,0.3,1.86
2013-06-03,2.13,0.3,1.8299999999999998
2013-06-04,2.14,0.32,1.82
2013-06-05,2.1,0.3,1.8
2013-06-06,2.08,0.3,1.78
2013-06-07,2.17,0.32,1.8499999999999999
2013-06-10,2.22,0.32,1.9000000000000001
2013-06-11,2.2,0.34,1.86
2013-06-12,2.25,0.34,1.91
2013-06-13,2.19,0.32,1.8699999999999999
2013-06-14,2.14,0.29,1.85
2013-06-17,2.19,0.27,1.92
2013-06-18,2.2,0.27,1.9300000000000002
2013-06-19,2.33,0.31,2.02
2013-06-20,2.41,0.33,2.08
2013-06-21,2.52,0.38,2.14
2013-06-24,2.57,0.42,2.15
2013-06-25,2.6,0.43,2.17
2013-06-26,2.55,0.39,2.1599999999999997
2013-06-27,2.49,0.36,2.1300000000000003
2013-06-28,2.52,0.36,2.16
2013-07-01,2.5,0.34,2.16
2013-07-02,2.48,0.34,2.14
2013-07-03,2.52,0.36,2.16
2013-07-04,,,
2013-07-05,2.73,0.4,2.33
2013-07-08,2.65,0.37,2.28
2013-07-09,2.65,0.37,2.28
2013-07-10,2.7,0.38,2.3200000000000003
2013-07-11,2.6,0.34,2.2600000000000002
2013-07-12,2.61,0.37,2.2399999999999998
2013-07-15,2.57,0.34,2.23
2013-07-16,2.55,0.34,2.21
2013-07-17,2.52,0.32,2.2
2013-07-18,2.56,0.32,2.24
2013-07-19,2.5,0.32,2.18
2013-07-22,2.5,0.32,2.18
2013-07-23,2.53,0.33,2.1999999999999997
2013-07-24,2.61,0.34,2.27
2013-07-25,2.61,0.32,2.29
2013-07-26,2.58,0.31,2.27
2013-07-29,2.61,0.33,2.28
2013-07-30,2.63,0.33,2.3
2013-07-31,2.6,0.31,2.29
2013-08-01,2.74,0.35,2.39
2013-08-02,2.63,0.3,2.33
2013-08-05,2.67,0.32,2.35
2013-08-06,2.67,0.32,2.35
2013-08-07,2.61,0.32,2.29
2013-08-08,2.58,0.3,2.2800000000000002
2013-08-09,2.57,0.32,2.25
2013-08-12,2.61,0.32,2.29
2013-08-13,2.71,0.34,2.37
2013-08-14,2.71,0.34,2.37
2013-08-15,2.77,0.36,2.41
2013-08-16,2.84,0.36,2.48
2013-08-19,2.88,0.36,2.52
2013-08-20,2.82,0.36,2.46
2013-08-21,2.87,0.38,2.49
2013-08-22,2.9,0.42,2.48
2013-08-23,2.82,0.4,2.42
2013-08-26,2.79,0.41,2.38
2013-08-27,2.72,0.38,2.3400000000000003
2013-08-28,2.78,0.4,2.38
2013-08-29,2.75,0.39,2.36
2013-08-30,2.78,0.39,2.3899999999999997
2013-09-02,,,
2013-09-03,2.86,0.43,2.4299999999999997
2013-09-04,2.9,0.46,2.44
2013-09-05,2.98,0.52,2.46
2013-09-06,2.94,0.46,2.48
2013-09-09,2.9,0.45,2.4499999999999997
2013-09-10,2.96,0.5,2.46
2013-09-11,2.93,0.47,2.46
2013-09-12,2.92,0.45,2.4699999999999998
2013-09-13,2.9,0.45,2.4499999999999997
2013-09-16,2.88,0.41,2.4699999999999998
2013-09-17,2.86,0.39,2.4699999999999998
2013-09-18,2.69,0.34,2.35
2013-09-19,2.76,0.34,2.42
2013-09-20,2.75,0.34,2.41
2013-09-23,2.72,0.35,2.37
2013-09-24,2.67,0.35,2.32
2013-09-25,2.63,0.36,2.27
2013-09-26,2.66,0.34,2.3200000000000003
2013-09-27,2.64,0.34,2.3000000000000003
2013-09-30,2.64,0.33,2.31
2013-10-01,2.66,0.33,2.33
2013-10-02,2.63,0.31,2.32
2013-10-03,2.62,0.33,2.29
2013-10-04,2.66,0.33,2.33
2013-10-07,2.65,0.37,2.28
2013-10-08,2.66,0.4,2.2600000000000002
2013-10-09,2.68,0.37,2.31
2013-10-10,2.71,0.35,2.36
2013-10-11,2.7,0.35,2.35
2013-10-14,,,
2013-10-15,2.75,0.37,2.38
2013-10-16,2.69,0.34,2.35
2013-10-17,2.61,0.33,2.28
2013-10-18,2.6,0.33,2.27
2013-10-21,2.63,0.33,2.3
2013-10-22,2.54,0.31,2.23
2013-10-23,2.51,0.31,2.1999999999999997
2013-10-24,2.53,0.33,2.1999999999999997
2013-10-25,2.53,0.32,2.21
2013-10-28,2.54,0.32,2.22
2013-10-29,2.53,0.31,2.2199999999999998
2013-10-30,2.55,0.33,2.2199999999999998
2013-10-31,2.57,0.31,2.26
2013-11-01,2.65,0.33,2.32
2013-11-04,2.63,0.32,2.31
2013-11-05,2.69,0.32,2.37
2013-11-06,2.67,0.3,2.37
2013-11-07,2.63,0.29,2.34
2013-11-08,2.77,0.32,2.45
2013-11-11,,,
2013-11-12,2.8,0.34,2.46
2013-11-13,2.75,0.32,2.43
2013-11-14,2.69,0.29,2.4
2013-11-15,2.71,0.31,2.4
2013-11-18,2.67,0.31,2.36
2013-11-19,2.71,0.29,2.42
2013-11-20,2.8,0.28,2.5199999999999996
2013-11-21,2.79,0.29,2.5
2013-11-22,2.75,0.31,2.44
2013-11-25,2.74,0.3,2.4400000000000004
2013-11-26,2.71,0.29,2.42
2013-11-27,2.74,0.28,2.46
2013-11-28,,,
2013-11-29,2.75,0.28,2.4699999999999998
2013-12-02,2.81,0.3,2.5100000000000002
2013-12-03,2.79,0.28,2.51
2013-12-04,2.84,0.3,2.54
2013-12-05,2.88,0.3,2.58
2013-12-06,2.88,0.3,2.58
2013-12-09,2.86,0.3,2.56
2013-12-10,2.81,0.3,2.5100000000000002
2013-12-11,2.86,0.31,2.55
2013-12-12,2.89,0.34,2.5500000000000003
2013-12-13,2.88,0.34,2.54
2013-12-16,2.89,0.34,2.5500000000000003
2013-12-17,2.85,0.34,2.5100000000000002
2013-12-18,2.89,0.32,2.5700000000000003
2013-12-19,2.94,0.35,2.59
2013-12-20,2.89,0.37,2.52
2013-12-23,2.94,0.38,2.56
2013-12-24,2.99,0.38,2.6100000000000003
2013-12-25,,,
2013-12-26,3.0,0.42,2.58
2013-12-27,3.02,0.4,2.62
2013-12-30,2.99,0.39,2.6
2013-12-31,3.04,0.38,2.66
2014-01-01,,,
2014-01-02,3.0,0.39,2.61
2014-01-03,3.01,0.41,2.5999999999999996
2014-01-06,2.98,0.4,2.58
2014-01-07,2.96,0.4,2.56
2014-01-08,3.01,0.43,2.5799999999999996
2014-01-09,2.97,0.44,2.5300000000000002
2014-01-10,2.88,0.39,2.4899999999999998
2014-01-13,2.84,0.39,2.4499999999999997
2014-01-14,2.88,0.39,2.4899999999999998
2014-01-15,2.9,0.41,2.4899999999999998
2014-01-16,2.86,0.41,2.4499999999999997
2014-01-17,2.84,0.4,2.44
2014-01-20,,,
2014-01-21,2.85,0.4,2.45
2014-01-22,2.87,0.44,2.43
2014-01-23,2.79,0.39,2.4
2014-01-24,2.75,0.37,2.38
2014-01-27,2.78,0.37,2.4099999999999997
2014-01-28,2.77,0.38,2.39
2014-01-29,2.69,0.36,2.33
2014-01-30,2.72,0.36,2.3600000000000003
2014-01-31,2.67,0.34,2.33
2014-02-03,2.61,0.3,2.31
2014-02-04,2.64,0.31,2.33
2014-02-05,2.7,0.32,2.3800000000000003
2014-02-06,2.73,0.33,2.4
2014-02-07,2.71,0.3,2.41
2014-02-10,2.7,0.32,2.3800000000000003
2014-02-11,2.75,0.35,2.4
2014-02-12,2.8,0.35,2.4499999999999997
2014-02-13,2.73,0.32,2.41
2014-02-14,2.75,0.32,2.43
2014-02-17,,,
2014-02-18,2.71,0.31,2.4
2014-02-19,2.73,0.33,2.4
2014-02-20,2.76,0.34,2.42
2014-02-21,2.73,0.33,2.4
2014-02-24,2.75,0.35,2.4
2014-02-25,2.7,0.34,2.3600000000000003
2014-02-26,2.67,0.33,2.34
2014-02-27,2.65,0.33,2.32
2014-02-28,2.66,0.33,2.33
2014-03-03,2.6,0.32,2.2800000000000002
2014-03-04,2.7,0.33,2.37
2014-03-05,2.7,0.33,2.37
2014-03-06,2.74,0.37,2.37
2014-03-07,2.8,0.38,2.42
2014-03-10,2.79,0.37,2.42
2014-03-11,2.77,0.37,2.4
2014-03-12,2.73,0.37,2.36
2014-03-13,2.66,0.34,2.3200000000000003
2014-03-14,2.65,0.36,2.29
2014-03-17,2.7,0.38,2.3200000000000003
2014-03-18,2.68,0.36,2.3200000000000003
2014-03-19,2.78,0.47,2.3099999999999996
2014-03-20,2.79,0.45,2.34
2014-03-21,2.75,0.45,2.3
2014-03-24,2.74,0.47,2.2700000000000005
2014-03-25,2.75,0.47,2.2800000000000002
2014-03-26,2.71,0.45,2.26
2014-03-27,2.69,0.45,2.2399999999999998
2014-03-28,2.73,0.45,2.28
2014-03-31,2.73,0.44,2.29
2014-04-01,2.77,0.44,2.33
2014-04-02,2.82,0.47,2.3499999999999996
2014-04-03,2.8,0.46,2.34
2014-04-04,2.74,0.43,2.31
2014-04-07,2.71,0.41,2.3
2014-04-08,2.69,0.4,2.29
2014-04-09,2.71,0.37,2.34
2014-04-10,2.65,0.37,2.28
2014-04-11,2.63,0.37,2.26
2014-04-14,2.65,0.37,2.28
2014-04-15,2.64,0.39,2.25
2014-04-16,2.65,0.39,2.26
2014-04-17,2.73,0.43,2.3
2014-04-18,,,
2014-04-21,2.73,0.42,2.31
2014-04-22,2.73,0.45,2.28
2014-04-23,2.7,0.43,2.27
2014-04-24,2.7,0.43,2.27
2014-04-25,2.68,0.43,2.25
2014-04-28,2.7,0.44,2.2600000000000002
2014-04-29,2.71,0.44,2.27
2014-04-30,2.67,0.42,2.25
2014-05-01,2.63,0.41,2.2199999999999998
2014-05-02,2.6,0.42,2.18
2014-05-05,2.63,0.43,2.1999999999999997
2014-05-06,2.61,0.43,2.1799999999999997
2014-05-07,2.62,0.41,2.21
2014-05-08,2.61,0.4,2.21
2014-05-09,2.62,0.4,2.22
2014-05-12,2.66,0.41,2.25
2014-05-13,2.61,0.39,2.2199999999999998
2014-05-14,2.54,0.39,2.15
2014-05-15,2.5,0.38,2.12
2014-05-16,2.52,0.38,2.14
2014-05-19,2.54,0.36,2.18
2014-05-20,2.52,0.35,2.17
2014-05-21,2.54,0.37,2.17
2014-05-22,2.56,0.37,2.19
2014-05-23,2.54,0.37,2.17
2014-05-26,,,
2014-05-27,2.52,0.39,2.13
2014-05-28,2.44,0.37,2.07
2014-05-29,2.45,0.37,2.08
2014-05-30,2.48,0.37,2.11
2014-06-02,2.54,0.39,2.15
2014-06-03,2.6,0.41,2.19
2014-06-04,2.61,0.41,2.1999999999999997
2014-06-05,2.59,0.4,2.19
2014-06-06,2.6,0.41,2.19
2014-06-09,2.62,0.43,2.19
2014-06-10,2.64,0.45,2.19
2014-06-11,2.65,0.44,2.21
2014-06-12,2.58,0.42,2.16
2014-06-13,2.6,0.45,2.15
2014-06-16,2.61,0.49,2.12
2014-06-17,2.66,0.51,2.1500000000000004
2014-06-18,2.61,0.48,2.13
2014-06-19,2.64,0.48,2.16
2014-06-20,2.63,0.5,2.13
2014-06-23,2.63,0.48,2.15
2014-06-24,2.59,0.49,2.0999999999999996
2014-06-25,2.57,0.48,2.09
2014-06-26,2.53,0.46,2.07
2014-06-27,2.54,0.45,2.09
2014-06-30,2.53,0.47,2.0599999999999996
2014-07-01,2.58,0.47,2.1100000000000003
2014-07-02,2.64,0.49,2.1500000000000004
2014-07-03,2.65,0.52,2.13
2014-07-04,,,
2014-07-07,2.63,0.52,2.11
2014-07-08,2.58,0.51,2.0700000000000003
2014-07-09,2.57,0.51,2.0599999999999996
2014-07-10,2.55,0.46,2.09
2014-07-11,2.53,0.48,2.05
2014-07-14,2.55,0.48,2.07
2014-07-15,2.56,0.49,2.0700000000000003
2014-07-16,2.55,0.5,2.05
2014-07-17,2.47,0.47,2.0
2014-07-18,2.5,0.51,1.99
2014-07-21,2.49,0.51,1.9800000000000002
2014-07-22,2.48,0.49,1.99
2014-07-23,2.48,0.5,1.98
2014-07-24,2.52,0.53,1.99
2014-07-25,2.48,0.53,1.95
2014-07-28,2.5,0.54,1.96
2014-07-29,2.47,0.54,1.9300000000000002
2014-07-30,2.57,0.56,2.01
2014-07-31,2.58,0.53,2.05
2014-08-01,2.52,0.47,2.05
2014-08-04,2.51,0.47,2.04
2014-08-05,2.49,0.47,2.0200000000000005
2014-08-06,2.49,0.48,2.0100000000000002
2014-08-07,2.43,0.44,1.9900000000000002
2014-08-08,2.44,0.45,1.99
2014-08-11,2.44,0.47,1.97
2014-08-12,2.46,0.45,2.01
2014-08-13,2.43,0.43,2.0
2014-08-14,2.4,0.42,1.98
2014-08-15,2.34,0.42,1.92
2014-08-18,2.39,0.44,1.9500000000000002
2014-08-19,2.4,0.46,1.94
2014-08-20,2.43,0.49,1.9400000000000002
2014-08-21,2.41,0.49,1.9200000000000002
2014-08-22,2.4,0.53,1.8699999999999999
2014-08-25,2.39,0.53,1.86
2014-08-26,2.39,0.52,1.87
2014-08-27,2.37,0.51,1.86
2014-08-28,2.34,0.5,1.8399999999999999
2014-08-29,2.35,0.48,1.87
2014-09-01,,,
2014-09-02,2.42,0.53,1.89
2014-09-03,2.41,0.52,1.8900000000000001
2014-09-04,2.45,0.54,1.9100000000000001
2014-09-05,2.46,0.52,1.94
2014-09-08,2.48,0.54,1.94
2014-09-09,2.5,0.56,1.94
2014-09-10,2.54,0.58,1.96
2014-09-11,2.54,0.58,1.96
2014-09-12,2.62,0.58,2.04
2014-09-15,2.6,0.58,2.02
2014-09-16,2.6,0.55,2.05
2014-09-17,2.62,0.59,2.0300000000000002
2014-09-18,2.63,0.59,2.04
2014-09-19,2.59,0.59,2.0
2014-09-22,2.57,0.58,1.9899999999999998
2014-09-23,2.54,0.57,1.9700000000000002
2014-09-24,2.57,0.59,1.98
2014-09-25,2.52,0.56,1.96
2014-09-26,2.54,0.59,1.9500000000000002
2014-09-29,2.5,0.58,1.92
2014-09-30,2.52,0.58,1.94
2014-10-01,2.42,0.53,1.89
2014-10-02,2.44,0.53,1.91
2014-10-03,2.45,0.57,1.8800000000000003
2014-10-06,2.43,0.54,1.8900000000000001
2014-10-07,2.36,0.52,1.8399999999999999
2014-10-08,2.35,0.46,1.8900000000000001
2014-10-09,2.34,0.46,1.88
2014-10-10,2.31,0.45,1.86
2014-10-13,,,
2014-10-14,2.21,0.39,1.8199999999999998
2014-10-15,2.15,0.34,1.8099999999999998
2014-10-16,2.17,0.35,1.8199999999999998
2014-10-17,2.22,0.39,1.83
2014-10-20,2.2,0.37,1.83
2014-10-21,2.23,0.38,1.85
2014-10-22,2.25,0.41,1.84
2014-10-23,2.29,0.41,1.8800000000000001
2014-10-24,2.29,0.41,1.8800000000000001
2014-10-27,2.27,0.41,1.86
2014-10-28,2.3,0.42,1.88
2014-10-29,2.34,0.48,1.8599999999999999
2014-10-30,2.32,0.48,1.8399999999999999
2014-10-31,2.35,0.5,1.85
2014-11-03,2.36,0.52,1.8399999999999999
2014-11-04,2.35,0.52,1.83
2014-11-05,2.36,0.52,1.8399999999999999
2014-11-06,2.39,0.54,1.85
2014-11-07,2.32,0.51,1.8099999999999998
2014-11-10,2.38,0.55,1.8299999999999998
2014-11-11,,,
2014-11-12,2.37,0.55,1.82
2014-11-13,2.35,0.53,1.82
2014-11-14,2.32,0.54,1.7799999999999998
2014-11-17,2.34,0.54,1.7999999999999998
2014-11-18,2.32,0.53,1.7899999999999998
2014-11-19,2.36,0.54,1.8199999999999998
2014-11-20,2.34,0.53,1.8099999999999998
2014-11-21,2.31,0.53,1.78
2014-11-24,2.3,0.53,1.7699999999999998
2014-11-25,2.27,0.51,1.76
2014-11-26,2.24,0.53,1.7100000000000002
2014-11-27,,,
2014-11-28,2.18,0.47,1.7100000000000002
2014-12-01,2.22,0.49,1.7300000000000002
2014-12-02,2.28,0.55,1.7299999999999998
2014-12-03,2.29,0.57,1.7200000000000002
2014-12-04,2.25,0.55,1.7
2014-12-05,2.31,0.65,1.6600000000000001
2014-12-08,2.26,0.64,1.6199999999999997
2014-12-09,2.22,0.64,1.58
2014-12-10,2.18,0.59,1.5900000000000003
2014-12-11,2.19,0.62,1.5699999999999998
2014-12-12,2.1,0.56,1.54
2014-12-15,2.12,0.6,1.52
2014-12-16,2.07,0.58,1.4899999999999998
2014-12-17,2.14,0.62,1.52
2014-12-18,2.22,0.67,1.5500000000000003
2014-12-19,2.17,0.67,1.5
2014-12-22,2.17,0.71,1.46
2014-12-23,2.26,0.73,1.5299999999999998
2014-12-24,2.27,0.73,1.54
2014-12-25,,,
2014-12-26,2.25,0.73,1.52
2014-12-29,2.22,0.72,1.5000000000000002
2014-12-30,2.2,0.69,1.5100000000000002
2014-12-31,2.17,0.67,1.5
2015-01-01,,,
2015-01-02,2.12,0.66,1.46
2015-01-05,2.04,0.68,1.3599999999999999
2015-01-06,1.97,0.65,1.3199999999999998
2015-01-07,1.96,0.62,1.3399999999999999
2015-01-08,2.03,0.62,1.4099999999999997
2015-01-09,1.98,0.59,1.3900000000000001
2015-01-12,1.92,0.56,1.3599999999999999
2015-01-13,1.91,0.54,1.3699999999999999
2015-01-14,1.86,0.51,1.35
2015-01-15,1.77,0.44,1.33
2015-01-16,1.83,0.49,1.34
2015-01-19,,,
2015-01-20,1.82,0.53,1.29
2015-01-21,1.87,0.53,1.34
2015-01-22,1.9,0.53,1.3699999999999999
2015-01-23,1.81,0.52,1.29
2015-01-26,1.83,0.54,1.29
2015-01-27,1.83,0.54,1.29
2015-01-28,1.73,0.5,1.23
2015-01-29,1.77,0.51,1.26
2015-01-30,1.68,0.47,1.21
2015-02-02,1.68,0.49,1.19
2015-02-03,1.79,0.52,1.27
2015-02-04,1.81,0.52,1.29
2015-02-05,1.83,0.52,1.31
2015-02-06,1.95,0.65,1.2999999999999998
2015-02-09,1.96,0.65,1.31
2015-02-10,2.01,0.67,1.3399999999999999
2015-02-11,2.0,0.67,1.33
2015-02-12,1.99,0.61,1.38
2015-02-13,2.02,0.66,1.3599999999999999
2015-02-16,,,
2015-02-17,2.14,0.7,1.4400000000000002
2015-02-18,2.07,0.62,1.4499999999999997
2015-02-19,2.11,0.67,1.44
2015-02-20,2.13,0.67,1.46
2015-02-23,2.06,0.64,1.42
2015-02-24,1.99,0.6,1.3900000000000001
2015-02-25,1.96,0.61,1.35
2015-02-26,2.03,0.66,1.3699999999999997
2015-02-27,2.0,0.63,1.37
2015-03-02,2.08,0.66,1.42
2015-03-03,2.12,0.68,1.44
2015-03-04,2.12,0.66,1.46
2015-03-05,2.11,0.65,1.46
2015-03-06,2.24,0.73,1.5100000000000002
2015-03-09,2.2,0.7,1.5000000000000002
2015-03-10,2.14,0.7,1.4400000000000002
2015-03-11,2.11,0.7,1.41
2015-03-12,2.1,0.67,1.4300000000000002
2015-03-13,2.13,0.68,1.4499999999999997
2015-03-16,2.1,0.66,1.44
2015-03-17,2.06,0.7,1.36
2015-03-18,1.93,0.57,1.3599999999999999
2015-03-19,1.98,0.63,1.35
2015-03-20,1.93,0.6,1.33
2015-03-23,1.92,0.6,1.3199999999999998
2015-03-24,1.88,0.58,1.2999999999999998
2015-03-25,1.93,0.59,1.3399999999999999
2015-03-26,2.01,0.61,1.4
2015-03-27,1.95,0.58,1.37
2015-03-30,1.96,0.58,1.38
2015-03-31,1.94,0.56,1.38
2015-04-01,1.87,0.55,1.32
2015-04-02,1.92,0.55,1.3699999999999999
2015-04-03,1.85,0.49,1.36
2015-04-06,1.92,0.51,1.41
2015-04-07,1.89,0.52,1.3699999999999999
2015-04-08,1.92,0.54,1.38
2015-04-09,1.97,0.56,1.41
2015-04-10,1.96,0.57,1.3900000000000001
2015-04-13,1.94,0.54,1.4
2015-04-14,1.9,0.53,1.3699999999999999
2015-04-15,1.91,0.51,1.4
2015-04-16,1.9,0.5,1.4
2015-04-17,1.87,0.51,1.36
2015-04-20,1.9,0.55,1.3499999999999999
2015-04-21,1.92,0.55,1.3699999999999999
2015-04-22,1.99,0.57,1.42
2015-04-23,1.96,0.55,1.41
2015-04-24,1.93,0.54,1.39
2015-04-27,1.94,0.54,1.4
2015-04-28,2.0,0.56,1.44
2015-04-29,2.06,0.56,1.5
2015-04-30,2.05,0.58,1.4699999999999998
2015-05-01,2.12,0.6,1.52
2015-05-04,2.16,0.6,1.56
2015-05-05,2.19,0.62,1.5699999999999998
2015-05-06,2.25,0.65,1.6
2015-05-07,2.18,0.63,1.5500000000000003
2015-05-08,2.16,0.59,1.5700000000000003
2015-05-11,2.28,0.62,1.6599999999999997
2015-05-12,2.28,0.61,1.67
2015-05-13,2.27,0.59,1.6800000000000002
2015-05-14,2.23,0.56,1.67
2015-05-15,2.14,0.55,1.59
2015-05-18,2.23,0.58,1.65
2015-05-19,2.27,0.63,1.6400000000000001
2015-05-20,2.26,0.6,1.6599999999999997
2015-05-21,2.19,0.6,1.5899999999999999
2015-05-22,2.21,0.64,1.5699999999999998
2015-05-25,,,
2015-05-26,2.14,0.64,1.5
2015-05-27,2.14,0.64,1.5
2015-05-28,2.13,0.62,1.5099999999999998
2015-05-29,2.12,0.61,1.5100000000000002
2015-06-01,2.19,0.64,1.5499999999999998
2015-06-02,2.27,0.64,1.63
2015-06-03,2.38,0.69,1.69
2015-06-04,2.31,0.66,1.65
2015-06-05,2.41,0.73,1.6800000000000002
2015-06-08,2.39,0.7,1.6900000000000002
2015-06-09,2.42,0.72,1.7
2015-06-10,2.5,0.75,1.75
2015-06-11,2.39,0.73,1.6600000000000001
2015-06-12,2.39,0.74,1.6500000000000001
2015-06-15,2.36,0.72,1.64
2015-06-16,2.32,0.71,1.6099999999999999
2015-06-17,2.32,0.67,1.65
2015-06-18,2.35,0.66,1.69
2015-06-19,2.26,0.65,1.6099999999999999
2015-06-22,2.37,0.68,1.69
2015-06-23,2.42,0.7,1.72
2015-06-24,2.38,0.68,1.6999999999999997
2015-06-25,2.4,0.68,1.7199999999999998
2015-06-26,2.49,0.72,1.7700000000000002
2015-06-29,2.33,0.64,1.69
2015-06-30,2.35,0.64,1.71
2015-07-01,2.43,0.69,1.7400000000000002
2015-07-02,2.4,0.64,1.7599999999999998
2015-07-03,,,
2015-07-06,2.3,0.6,1.6999999999999997
2015-07-07,2.27,0.58,1.69
2015-07-08,2.22,0.55,1.6700000000000002
2015-07-09,2.32,0.6,1.7199999999999998
2015-07-10,2.42,0.65,1.77
2015-07-13,2.44,0.69,1.75
2015-07-14,2.41,0.66,1.75
2015-07-15,2.36,0.64,1.7199999999999998
2015-07-16,2.36,0.67,1.69
2015-07-17,2.34,0.68,1.6599999999999997
2015-07-20,2.38,0.71,1.67
2015-07-21,2.35,0.71,1.6400000000000001
2015-07-22,2.33,0.75,1.58
2015-07-23,2.28,0.71,1.5699999999999998
2015-07-24,2.27,0.7,1.57
2015-07-27,2.23,0.68,1.5499999999999998
2015-07-28,2.26,0.69,1.5699999999999998
2015-07-29,2.29,0.7,1.59
2015-07-30,2.28,0.72,1.5599999999999998
2015-07-31,2.2,0.67,1.5300000000000002
2015-08-03,2.16,0.68,1.48
2015-08-04,2.23,0.74,1.49
2015-08-05,2.28,0.73,1.5499999999999998
2015-08-06,2.23,0.71,1.52
2015-08-07,2.18,0.73,1.4500000000000002
2015-08-10,2.24,0.73,1.5100000000000002
2015-08-11,2.15,0.68,1.4699999999999998
2015-08-12,2.14,0.67,1.4700000000000002
2015-08-13,2.19,0.72,1.47
2015-08-14,2.2,0.73,1.4700000000000002
2015-08-17,2.16,0.72,1.4400000000000002
2015-08-18,2.2,0.74,1.4600000000000002
2015-08-19,2.12,0.67,1.4500000000000002
2015-08-20,2.09,0.69,1.4
2015-08-21,2.05,0.64,1.4099999999999997
2015-08-24,2.01,0.59,1.42
2015-08-25,2.12,0.67,1.4500000000000002
2015-08-26,2.18,0.67,1.5100000000000002
2015-08-27,2.18,0.68,1.5
2015-08-28,2.19,0.72,1.47
2015-08-31,2.21,0.74,1.47
2015-09-01,2.17,0.7,1.47
2015-09-02,2.2,0.72,1.4800000000000002
2015-09-03,2.18,0.71,1.4700000000000002
2015-09-04,2.13,0.71,1.42
2015-09-07,,,
2015-09-08,2.2,0.74,1.4600000000000002
2015-09-09,2.21,0.75,1.46
2015-09-10,2.23,0.75,1.48
2015-09-11,2.2,0.71,1.4900000000000002
2015-09-14,2.18,0.73,1.4500000000000002
2015-09-15,2.28,0.82,1.46
2015-09-16,2.3,0.82,1.48
2015-09-17,2.21,0.7,1.51
2015-09-18,2.13,0.69,1.44
2015-09-21,2.2,0.72,1.4800000000000002
2015-09-22,2.14,0.69,1.4500000000000002
2015-09-23,2.16,0.7,1.4600000000000002
2015-09-24,2.13,0.67,1.46
2015-09-25,2.17,0.7,1.47
2015-09-28,2.1,0.67,1.4300000000000002
2015-09-29,2.05,0.64,1.4099999999999997
2015-09-30,2.06,0.64,1.42
2015-10-01,2.05,0.64,1.4099999999999997
2015-10-02,1.99,0.58,1.4100000000000001
2015-10-05,2.07,0.61,1.46
2015-10-06,2.05,0.61,1.44
2015-10-07,2.08,0.65,1.4300000000000002
2015-10-08,2.12,0.65,1.4700000000000002
2015-10-09,2.12,0.65,1.4700000000000002
2015-10-12,,,
2015-10-13,2.06,0.64,1.42
2015-10-14,1.99,0.57,1.42
2015-10-15,2.04,0.61,1.4300000000000002
2015-10-16,2.04,0.61,1.4300000000000002
2015-10-19,2.04,0.61,1.4300000000000002
2015-10-20,2.08,0.66,1.42
2015-10-21,2.04,0.64,1.4
2015-10-22,2.04,0.61,1.4300000000000002
2015-10-23,2.09,0.66,1.4299999999999997
2015-10-26,2.07,0.66,1.4099999999999997
2015-10-27,2.05,0.65,1.4
2015-10-28,2.1,0.73,1.37
2015-10-29,2.19,0.75,1.44
2015-10-30,2.16,0.75,1.4100000000000001
2015-11-02,2.2,0.77,1.4300000000000002
2015-11-03,2.23,0.8,1.43
2015-11-04,2.25,0.84,1.4100000000000001
2015-11-05,2.26,0.85,1.4099999999999997
2015-11-06,2.34,0.9,1.44
2015-11-09,2.36,0.89,1.4699999999999998
2015-11-10,2.32,0.87,1.4499999999999997
2015-11-11,,,
2015-11-12,2.32,0.89,1.4299999999999997
2015-11-13,2.28,0.86,1.42
2015-11-16,2.27,0.88,1.3900000000000001
2015-11-17,2.25,0.86,1.3900000000000001
2015-11-18,2.27,0.9,1.37
2015-11-19,2.24,0.91,1.33
2015-11-20,2.26,0.93,1.3299999999999996
2015-11-23,2.25,0.94,1.31
2015-11-24,2.24,0.93,1.31
2015-11-25,2.23,0.93,1.2999999999999998
2015-11-26,,,
2015-11-27,2.22,0.92,1.3000000000000003
2015-11-30,2.21,0.94,1.27
2015-12-01,2.15,0.91,1.2399999999999998
2015-12-02,2.18,0.94,1.2400000000000002
2015-12-03,2.33,0.96,1.37
2015-12-04,2.28,0.96,1.3199999999999998
2015-12-07,2.23,0.94,1.29
2015-12-08,2.24,0.94,1.3000000000000003
2015-12-09,2.22,0.93,1.29
2015-12-10,2.24,0.95,1.2900000000000003
2015-12-11,2.13,0.88,1.25
2015-12-14,2.23,0.97,1.26
2015-12-15,2.28,0.98,1.2999999999999998
2015-12-16,2.3,1.02,1.2799999999999998
2015-12-17,2.24,1.0,1.2400000000000002
2015-12-18,2.19,0.97,1.22
2015-12-21,2.2,0.96,1.2400000000000002
2015-12-22,2.24,0.99,1.2500000000000002
2015-12-23,2.27,1.01,1.26
2015-12-24,2.25,1.03,1.22
2015-12-25,,,
2015-12-28,2.24,1.05,1.1900000000000002
2015-12-29,2.32,1.09,1.2299999999999998
2015-12-30,2.31,1.08,1.23
2015-12-31,2.27,1.06,1.21
2016-01-01,,,
2016-01-04,2.24,1.02,1.2200000000000002
2016-01-05,2.25,1.04,1.21
2016-01-06,2.18,0.99,1.1900000000000002
2016-01-07,2.16,0.96,1.2000000000000002
2016-01-08,2.13,0.94,1.19
2016-01-11,2.17,0.94,1.23
2016-01-12,2.12,0.93,1.19
2016-01-13,2.08,0.91,1.17
2016-01-14,2.1,0.9,1.2000000000000002
2016-01-15,2.03,0.85,1.1799999999999997
2016-01-18,,,
2016-01-19,2.06,0.88,1.1800000000000002
2016-01-20,2.01,0.85,1.1599999999999997
2016-01-21,2.02,0.84,1.1800000000000002
2016-01-22,2.07,0.88,1.19
2016-01-25,2.03,0.88,1.15
2016-01-26,2.01,0.85,1.1599999999999997
2016-01-27,2.02,0.84,1.1800000000000002
2016-01-28,2.0,0.83,1.17
2016-01-29,1.94,0.76,1.18
2016-02-01,1.97,0.81,1.16
2016-02-02,1.87,0.75,1.12
2016-02-03,1.88,0.72,1.16
2016-02-04,1.87,0.7,1.1700000000000002
2016-02-05,1.86,0.74,1.12
2016-02-08,1.75,0.66,1.0899999999999999
2016-02-09,1.74,0.69,1.05
2016-02-10,1.71,0.71,1.0
2016-02-11,1.63,0.64,0.9899999999999999
2016-02-12,1.74,0.71,1.03
2016-02-15,,,
2016-02-16,1.78,0.74,1.04
2016-02-17,1.81,0.74,1.07
2016-02-18,1.75,0.71,1.04
2016-02-19,1.76,0.76,1.0
2016-02-22,1.77,0.78,0.99
2016-02-23,1.74,0.76,0.98
2016-02-24,1.75,0.75,1.0
2016-02-25,1.71,0.72,0.99
2016-02-26,1.76,0.8,0.96
2016-02-29,1.74,0.78,0.96
2016-03-01,1.83,0.85,0.9800000000000001
2016-03-02,1.84,0.85,0.9900000000000001
2016-03-03,1.83,0.85,0.9800000000000001
2016-03-04,1.88,0.88,0.9999999999999999
2016-03-07,1.91,0.91,0.9999999999999999
2016-03-08,1.83,0.88,0.9500000000000001
2016-03-09,1.9,0.9,0.9999999999999999
2016-03-10,1.93,0.93,0.9999999999999999
2016-03-11,1.98,0.97,1.01
2016-03-14,1.97,0.97,1.0
2016-03-15,1.97,0.98,0.99
2016-03-16,1.94,0.87,1.0699999999999998
2016-03-17,1.91,0.87,1.04
2016-03-18,1.88,0.84,1.04
2016-03-21,1.92,0.87,1.0499999999999998
2016-03-22,1.94,0.91,1.0299999999999998
2016-03-23,1.88,0.87,1.0099999999999998
2016-03-24,1.91,0.89,1.02
2016-03-25,,,
2016-03-28,1.89,0.89,0.9999999999999999
2016-03-29,1.81,0.78,1.03
2016-03-30,1.83,0.76,1.07
2016-03-31,1.78,0.73,1.05
2016-04-01,1.79,0.76,1.03
2016-04-04,1.78,0.75,1.03
2016-04-05,1.73,0.72,1.01
2016-04-06,1.76,0.73,1.03
2016-04-07,1.7,0.7,1.0
2016-04-08,1.72,0.7,1.02
2016-04-11,1.73,0.7,1.03
2016-04-12,1.79,0.74,1.05
2016-04-13,1.77,0.75,1.02
2016-04-14,1.8,0.77,1.03
2016-04-15,1.76,0.74,1.02
2016-04-18,1.78,0.75,1.03
2016-04-19,1.79,0.77,1.02
2016-04-20,1.85,0.8,1.05
2016-04-21,1.88,0.82,1.06
2016-04-22,1.89,0.84,1.0499999999999998
2016-04-25,1.91,0.85,1.06
2016-04-26,1.94,0.86,1.08
2016-04-27,1.87,0.83,1.04
2016-04-28,1.84,0.78,1.06
2016-04-29,1.83,0.77,1.06
2016-05-02,1.88,0.8,1.0799999999999998
2016-05-03,1.81,0.75,1.06
2016-05-04,1.79,0.75,1.04
2016-05-05,1.76,0.72,1.04
2016-05-06,1.79,0.74,1.05
2016-05-09,1.77,0.72,1.05
2016-05-10,1.77,0.72,1.05
2016-05-11,1.73,0.74,0.99
2016-05-12,1.75,0.76,0.99
2016-05-13,1.71,0.76,0.95
2016-05-16,1.75,0.79,0.96
2016-05-17,1.76,0.82,0.9400000000000001
2016-05-18,1.87,0.9,0.9700000000000001
2016-05-19,1.85,0.89,0.9600000000000001
2016-05-20,1.85,0.89,0.9600000000000001
2016-05-23,1.84,0.91,0.93
2016-05-24,1.86,0.92,0.9400000000000001
2016-05-25,1.87,0.92,0.9500000000000001
2016-05-26,1.83,0.87,0.9600000000000001
2016-05-27,1.85,0.9,0.9500000000000001
2016-05-30,,,
2016-05-31,1.84,0.87,0.9700000000000001
2016-06-01,1.85,0.91,0.9400000000000001
2016-06-02,1.81,0.89,0.92
2016-06-03,1.71,0.78,0.9299999999999999
2016-06-06,1.73,0.8,0.9299999999999999
2016-06-07,1.72,0.78,0.94
2016-06-08,1.71,0.78,0.9299999999999999
2016-06-09,1.68,0.77,0.9099999999999999
2016-06-10,1.64,0.73,0.9099999999999999
2016-06-13,1.62,0.73,0.8900000000000001
2016-06-14,1.62,0.74,0.8800000000000001
2016-06-15,1.6,0.69,0.9100000000000001
2016-06-16,1.57,0.7,0.8700000000000001
2016-06-17,1.62,0.7,0.9200000000000002
2016-06-20,1.67,0.74,0.9299999999999999
2016-06-21,1.71,0.76,0.95
2016-06-22,1.69,0.75,0.94
2016-06-23,1.74,0.78,0.96
2016-06-24,1.57,0.64,0.93
2016-06-27,1.46,0.61,0.85
2016-06-28,1.46,0.61,0.85
2016-06-29,1.5,0.62,0.88
2016-06-30,1.49,0.58,0.91
2016-07-01,1.46,0.59,0.87
2016-07-04,,,
2016-07-05,1.37,0.56,0.81
2016-07-06,1.38,0.58,0.7999999999999999
2016-07-07,1.4,0.58,0.82
2016-07-08,1.37,0.61,0.7600000000000001
2016-07-11,1.43,0.66,0.7699999999999999
2016-07-12,1.53,0.69,0.8400000000000001
2016-07-13,1.48,0.68,0.7999999999999999
2016-07-14,1.53,0.68,0.85
2016-07-15,1.6,0.71,0.8900000000000001
2016-07-18,1.59,0.68,0.91
2016-07-19,1.56,0.7,0.8600000000000001
2016-07-20,1.59,0.73,0.8600000000000001
2016-07-21,1.57,0.7,0.8700000000000001
2016-07-22,1.57,0.71,0.8600000000000001
2016-07-25,1.58,0.72,0.8600000000000001
2016-07-26,1.57,0.75,0.8200000000000001
2016-07-27,1.52,0.73,0.79
2016-07-28,1.52,0.72,0.8
2016-07-29,1.46,0.67,0.7899999999999999
2016-08-01,1.51,0.67,0.84
2016-08-02,1.55,0.67,0.88
2016-08-03,1.55,0.67,0.88
2016-08-04,1.51,0.64,0.87
2016-08-05,1.59,0.72,0.8700000000000001
2016-08-08,1.59,0.74,0.8500000000000001
2016-08-09,1.55,0.71,0.8400000000000001
2016-08-10,1.5,0.69,0.81
2016-08-11,1.57,0.76,0.81
2016-08-12,1.51,0.71,0.8
2016-08-15,1.55,0.72,0.8300000000000001
2016-08-16,1.57,0.76,0.81
2016-08-17,1.56,0.74,0.8200000000000001
2016-08-18,1.53,0.71,0.8200000000000001
2016-08-19,1.58,0.76,0.8200000000000001
2016-08-22,1.55,0.76,0.79
2016-08-23,1.55,0.74,0.81
2016-08-24,1.56,0.76,0.8
2016-08-25,1.58,0.78,0.8
2016-08-26,1.62,0.84,0.7800000000000001
2016-08-29,1.57,0.81,0.76
2016-08-30,1.57,0.8,0.77
2016-08-31,1.58,0.8,0.78
2016-09-01,1.57,0.78,0.79
2016-09-02,1.6,0.8,0.8
2016-09-05,,,
2016-09-06,1.55,0.74,0.81
2016-09-07,1.54,0.74,0.8
2016-09-08,1.61,0.78,0.8300000000000001
2016-09-09,1.67,0.79,0.8799999999999999
2016-09-12,1.68,0.79,0.8899999999999999
2016-09-13,1.73,0.8,0.9299999999999999
2016-09-14,1.7,0.77,0.9299999999999999
2016-09-15,1.71,0.74,0.97
2016-09-16,1.7,0.77,0.9299999999999999
2016-09-19,1.7,0.79,0.9099999999999999
2016-09-20,1.69,0.79,0.8999999999999999
2016-09-21,1.66,0.79,0.8699999999999999
2016-09-22,1.63,0.79,0.8399999999999999
2016-09-23,1.62,0.77,0.8500000000000001
2016-09-26,1.59,0.76,0.8300000000000001
2016-09-27,1.56,0.75,0.81
2016-09-28,1.57,0.75,0.8200000000000001
2016-09-29,1.56,0.73,0.8300000000000001
2016-09-30,1.6,0.77,0.8300000000000001
2016-10-03,1.63,0.8,0.8299999999999998
2016-10-04,1.69,0.82,0.87
2016-10-05,1.72,0.85,0.87
2016-10-06,1.75,0.86,0.89
2016-10-07,1.73,0.83,0.9
2016-10-10,,,
2016-10-11,1.77,0.87,0.9
2016-10-12,1.79,0.87,0.92
2016-10-13,1.75,0.85,0.9
2016-10-14,1.8,0.84,0.9600000000000001
2016-10-17,1.77,0.81,0.96
2016-10-18,1.75,0.82,0.93
2016-10-19,1.76,0.81,0.95
2016-10-20,1.76,0.84,0.92
2016-10-21,1.74,0.84,0.9
2016-10-24,1.77,0.84,0.93
2016-10-25,1.77,0.86,0.91
2016-10-26,1.79,0.86,0.93
2016-10-27,1.85,0.87,0.9800000000000001
2016-10-28,1.86,0.86,1.0
2016-10-31,1.84,0.86,0.9800000000000001
2016-11-01,1.83,0.83,1.0
2016-11-02,1.81,0.81,1.0
2016-11-03,1.82,0.81,1.01
2016-11-04,1.79,0.8,0.99
2016-11-07,1.83,0.82,1.0100000000000002
2016-11-08,1.88,0.87,1.0099999999999998
2016-11-09,2.07,0.9,1.17
2016-11-10,2.15,0.92,1.23
2016-11-11,,,
2016-11-14,2.23,1.0,1.23
2016-11-15,2.23,1.02,1.21
2016-11-16,2.22,1.0,1.2200000000000002
2016-11-17,2.29,1.04,1.25
2016-11-18,2.34,1.07,1.2699999999999998
2016-11-21,2.33,1.08,1.25
2016-11-22,2.31,1.07,1.24
2016-11-23,2.36,1.12,1.2399999999999998
2016-11-24,,,
2016-11-25,2.36,1.12,1.2399999999999998
2016-11-28,2.32,1.11,1.2099999999999997
2016-11-29,2.3,1.09,1.2099999999999997
2016-11-30,2.37,1.11,1.26
2016-12-01,2.45,1.14,1.3100000000000003
2016-12-02,2.4,1.11,1.2899999999999998
2016-12-05,2.39,1.13,1.2600000000000002
2016-12-06,2.39,1.12,1.27
2016-12-07,2.34,1.1,1.2399999999999998
2016-12-08,2.4,1.12,1.2799999999999998
2016-12-09,2.47,1.15,1.3200000000000003
2016-12-12,2.49,1.15,1.3400000000000003
2016-12-13,2.48,1.17,1.31
2016-12-14,2.54,1.27,1.27
2016-12-15,2.6,1.29,1.31
2016-12-16,2.6,1.28,1.32
2016-12-19,2.54,1.24,1.3
2016-12-20,2.57,1.25,1.3199999999999998
2016-12-21,2.55,1.21,1.3399999999999999
2016-12-22,2.55,1.22,1.3299999999999998
2016-12-23,2.55,1.22,1.3299999999999998
2016-12-26,,,
2016-12-27,2.57,1.28,1.2899999999999998
2016-12-28,2.51,1.26,1.2499999999999998
2016-12-29,2.49,1.22,1.2700000000000002
2016-12-30,2.45,1.2,1.2500000000000002
2017-01-02,,,
2017-01-03,2.45,1.22,1.2300000000000002
2017-01-04,2.46,1.24,1.22
2017-01-05,2.37,1.17,1.2000000000000002
2017-01-06,2.42,1.22,1.2
2017-01-09,2.38,1.21,1.17
2017-01-10,2.38,1.19,1.19
2017-01-11,2.38,1.2,1.18
2017-01-12,2.36,1.18,1.18
2017-01-13,2.4,1.21,1.19
2017-01-16,,,
2017-01-17,2.33,1.17,1.1600000000000001
2017-01-18,2.42,1.23,1.19
2017-01-19,2.47,1.25,1.2200000000000002
2017-01-20,2.48,1.2,1.28
2017-01-23,2.41,1.16,1.2500000000000002
2017-01-24,2.47,1.21,1.2600000000000002
2017-01-25,2.53,1.23,1.2999999999999998
2017-01-26,2.51,1.21,1.2999999999999998
2017-01-27,2.49,1.22,1.2700000000000002
2017-01-30,2.49,1.22,1.2700000000000002
2017-01-31,2.45,1.19,1.2600000000000002
2017-02-01,2.48,1.22,1.26
2017-02-02,2.48,1.21,1.27
2017-02-03,2.49,1.21,1.2800000000000002
2017-02-06,2.42,1.16,1.26
2017-02-07,2.4,1.16,1.24
2017-02-08,2.34,1.15,1.19
2017-02-09,2.4,1.2,1.2
2017-02-10,2.41,1.2,1.2100000000000002
2017-02-13,2.43,1.2,1.2300000000000002
2017-02-14,2.47,1.25,1.2200000000000002
2017-02-15,2.51,1.27,1.2399999999999998
2017-02-16,2.45,1.22,1.2300000000000002
2017-02-17,2.42,1.21,1.21
2017-02-20,,,
2017-02-21,2.43,1.22,1.2100000000000002
2017-02-22,2.42,1.22,1.2
2017-02-23,2.38,1.18,1.2
2017-02-24,2.31,1.12,1.19
2017-02-27,2.36,1.2,1.16
2017-02-28,2.36,1.22,1.14
2017-03-01,2.46,1.29,1.17
2017-03-02,2.49,1.32,1.1700000000000002
2017-03-03,2.49,1.32,1.1700000000000002
2017-03-06,2.49,1.31,1.1800000000000002
2017-03-07,2.52,1.32,1.2
2017-03-08,2.57,1.36,1.2099999999999997
2017-03-09,2.6,1.37,1.23
2017-03-10,2.58,1.36,1.22
2017-03-13,2.62,1.4,1.2200000000000002
2017-03-14,2.6,1.4,1.2000000000000002
2017-03-15,2.51,1.33,1.1799999999999997
2017-03-16,2.53,1.35,1.1799999999999997
2017-03-17,2.5,1.33,1.17
2017-03-20,2.47,1.3,1.1700000000000002
2017-03-21,2.43,1.27,1.1600000000000001
2017-03-22,2.4,1.27,1.13
2017-03-23,2.41,1.26,1.1500000000000001
2017-03-24,2.4,1.26,1.14
2017-03-27,2.38,1.27,1.1099999999999999
2017-03-28,2.42,1.3,1.1199999999999999
2017-03-29,2.39,1.26,1.1300000000000001
2017-03-30,2.42,1.28,1.14
2017-03-31,2.4,1.27,1.13
2017-04-03,2.35,1.24,1.11
2017-04-04,2.36,1.25,1.1099999999999999
2017-04-05,2.34,1.24,1.0999999999999999
2017-04-06,2.34,1.24,1.0999999999999999
2017-04-07,2.38,1.29,1.0899999999999999
2017-04-10,2.37,1.29,1.08
2017-04-11,2.32,1.24,1.0799999999999998
2017-04-12,2.28,1.24,1.0399999999999998
2017-04-13,2.24,1.21,1.0300000000000002
2017-04-14,,,
2017-04-17,2.26,1.21,1.0499999999999998
2017-04-18,2.18,1.18,1.0000000000000002
2017-04-19,2.21,1.19,1.02
2017-04-20,2.24,1.21,1.0300000000000002
2017-04-21,2.24,1.2,1.0400000000000003
2017-04-24,2.28,1.25,1.0299999999999998
2017-04-25,2.35,1.29,1.06
2017-04-26,2.32,1.28,1.0399999999999998
2017-04-27,2.3,1.25,1.0499999999999998
2017-04-28,2.29,1.28,1.01
2017-05-01,2.33,1.28,1.05
2017-05-02,2.29,1.27,1.02
2017-05-03,2.33,1.3,1.03
2017-05-04,2.36,1.32,1.0399999999999998
2017-05-05,2.36,1.32,1.0399999999999998
2017-05-08,2.39,1.33,1.06
2017-05-09,2.42,1.37,1.0499999999999998
2017-05-10,2.41,1.35,1.06
2017-05-11,2.39,1.35,1.04
2017-05-12,2.33,1.29,1.04
2017-05-15,2.34,1.31,1.0299999999999998
2017-05-16,2.33,1.29,1.04
2017-05-17,2.22,1.26,0.9600000000000002
2017-05-18,2.23,1.27,0.96
2017-05-19,2.23,1.28,0.95
2017-05-22,2.25,1.29,0.96
2017-05-23,2.29,1.31,0.98
2017-05-24,2.26,1.29,0.9699999999999998
2017-05-25,2.25,1.3,0.95
2017-05-26,2.25,1.3,0.95
2017-05-29,,,
2017-05-30,2.21,1.28,0.9299999999999999
2017-05-31,2.21,1.28,0.9299999999999999
2017-06-01,2.21,1.28,0.9299999999999999
2017-06-02,2.15,1.28,0.8699999999999999
2017-06-05,2.18,1.32,0.8600000000000001
2017-06-06,2.14,1.3,0.8400000000000001
2017-06-07,2.18,1.32,0.8600000000000001
2017-06-08,2.19,1.33,0.8599999999999999
2017-06-09,2.21,1.35,0.8599999999999999
2017-06-12,2.21,1.35,0.8599999999999999
2017-06-13,2.21,1.38,0.8300000000000001
2017-06-14,2.15,1.35,0.7999999999999998
2017-06-15,2.16,1.35,0.81
2017-06-16,2.16,1.32,0.8400000000000001
2017-06-19,2.19,1.36,0.8299999999999998
2017-06-20,2.16,1.36,0.8
2017-06-21,2.16,1.36,0.8
2017-06-22,2.15,1.34,0.8099999999999998
2017-06-23,2.15,1.34,0.8099999999999998
2017-06-26,2.14,1.36,0.78
2017-06-27,2.21,1.38,0.8300000000000001
2017-06-28,2.22,1.34,0.8800000000000001
2017-06-29,2.27,1.38,0.8900000000000001
2017-06-30,2.31,1.38,0.9300000000000002
2017-07-03,2.35,1.41,0.9400000000000002
2017-07-04,,,
2017-07-05,2.33,1.41,0.9200000000000002
2017-07-06,2.37,1.4,0.9700000000000002
2017-07-07,2.39,1.4,0.9900000000000002
2017-07-10,2.38,1.4,0.98
2017-07-11,2.37,1.37,1.0
2017-07-12,2.33,1.35,0.98
2017-07-13,2.35,1.37,0.98
2017-07-14,2.33,1.35,0.98
2017-07-17,2.31,1.36,0.95
2017-07-18,2.27,1.36,0.9099999999999999
2017-07-19,2.27,1.37,0.8999999999999999
2017-07-20,2.27,1.37,0.8999999999999999
2017-07-21,2.24,1.36,0.8800000000000001
2017-07-24,2.26,1.37,0.8899999999999997
2017-07-25,2.33,1.4,0.9300000000000002
2017-07-26,2.29,1.36,0.9299999999999999
2017-07-27,2.32,1.36,0.9599999999999997
2017-07-28,2.3,1.34,0.9599999999999997
2017-07-31,2.3,1.34,0.9599999999999997
2017-08-01,2.26,1.34,0.9199999999999997
2017-08-02,2.27,1.36,0.9099999999999999
2017-08-03,2.24,1.34,0.9000000000000001
2017-08-04,2.27,1.36,0.9099999999999999
2017-08-07,2.26,1.36,0.8999999999999997
2017-08-08,2.29,1.36,0.9299999999999999
2017-08-09,2.24,1.33,0.9100000000000001
2017-08-10,2.2,1.33,0.8700000000000001
2017-08-11,2.19,1.3,0.8899999999999999
2017-08-14,2.22,1.33,0.8900000000000001
2017-08-15,2.27,1.35,0.9199999999999999
2017-08-16,2.23,1.33,0.8999999999999999
2017-08-17,2.19,1.32,0.8699999999999999
2017-08-18,2.19,1.33,0.8599999999999999
2017-08-21,2.18,1.32,0.8600000000000001
2017-08-22,2.22,1.33,0.8900000000000001
2017-08-23,2.17,1.32,0.8499999999999999
2017-08-24,2.19,1.33,0.8599999999999999
2017-08-25,2.17,1.35,0.8199999999999998
2017-08-28,2.16,1.33,0.8300000000000001
2017-08-29,2.13,1.33,0.7999999999999998
2017-08-30,2.15,1.33,0.8199999999999998
2017-08-31,2.12,1.33,0.79
2017-09-01,2.16,1.35,0.81
2017-09-04,,,
2017-09-05,2.07,1.3,0.7699999999999998
2017-09-06,2.1,1.3,0.8
2017-09-07,2.05,1.27,0.7799999999999998
2017-09-08,2.06,1.27,0.79
2017-09-11,2.14,1.32,0.8200000000000001
2017-09-12,2.17,1.33,0.8399999999999999
2017-09-13,2.2,1.35,0.8500000000000001
2017-09-14,2.2,1.37,0.8300000000000001
2017-09-15,2.2,1.39,0.8100000000000003
2017-09-18,2.23,1.4,0.8300000000000001
2017-09-19,2.24,1.4,0.8400000000000003
2017-09-20,2.28,1.45,0.8299999999999998
2017-09-21,2.27,1.45,0.8200000000000001
2017-09-22,2.26,1.46,0.7999999999999998
2017-09-25,2.22,1.44,0.7800000000000002
2017-09-26,2.24,1.45,0.7900000000000003
2017-09-27,2.31,1.47,0.8400000000000001
2017-09-28,2.31,1.45,0.8600000000000001
2017-09-29,2.33,1.47,0.8600000000000001
2017-10-02,2.34,1.49,0.8499999999999999
2017-10-03,2.33,1.47,0.8600000000000001
2017-10-04,2.33,1.47,0.8600000000000001
2017-10-05,2.35,1.49,0.8600000000000001
2017-10-06,2.37,1.54,0.8300000000000001
2017-10-09,,,
2017-10-10,2.35,1.51,0.8400000000000001
2017-10-11,2.35,1.51,0.8400000000000001
2017-10-12,2.33,1.51,0.8200000000000001
2017-10-13,2.28,1.51,0.7699999999999998
2017-10-16,2.3,1.54,0.7599999999999998
2017-10-17,2.3,1.54,0.7599999999999998
2017-10-18,2.34,1.59,0.7499999999999998
2017-10-19,2.33,1.58,0.75
2017-10-20,2.39,1.6,0.79
2017-10-23,2.38,1.58,0.7999999999999998
2017-10-24,2.42,1.6,0.8199999999999998
2017-10-25,2.44,1.61,0.8299999999999998
2017-10-26,2.46,1.63,0.8300000000000001
2017-10-27,2.42,1.59,0.8299999999999998
2017-10-30,2.37,1.58,0.79
2017-10-31,2.38,1.6,0.7799999999999998
2017-11-01,2.37,1.61,0.76
2017-11-02,2.35,1.61,0.74
2017-11-03,2.34,1.63,0.71
2017-11-06,2.32,1.61,0.7099999999999997
2017-11-07,2.32,1.63,0.69
2017-11-08,2.32,1.65,0.6699999999999999
2017-11-09,2.33,1.63,0.7000000000000002
2017-11-10,2.4,1.67,0.73
2017-11-13,2.4,1.7,0.7
2017-11-14,2.38,1.68,0.7
2017-11-15,2.33,1.68,0.6500000000000001
2017-11-16,2.37,1.72,0.6500000000000001
2017-11-17,2.35,1.73,0.6200000000000001
2017-11-20,2.37,1.77,0.6000000000000001
2017-11-21,2.36,1.77,0.5899999999999999
2017-11-22,2.32,1.74,0.5799999999999998
2017-11-23,,,
2017-11-24,2.34,1.75,0.5899999999999999
2017-11-27,2.32,1.74,0.5799999999999998
2017-11-28,2.34,1.75,0.5899999999999999
2017-11-29,2.37,1.78,0.5900000000000001
2017-11-30,2.42,1.78,0.6399999999999999
2017-12-01,2.37,1.78,0.5900000000000001
2017-12-04,2.37,1.8,0.5700000000000001
2017-12-05,2.36,1.83,0.5299999999999998
2017-12-06,2.33,1.78,0.55
2017-12-07,2.37,1.8,0.5700000000000001
2017-12-08,2.38,1.8,0.5799999999999998
2017-12-11,2.39,1.82,0.5700000000000001
2017-12-12,2.4,1.83,0.5699999999999998
2017-12-13,2.36,1.79,0.5699999999999998
2017-12-14,2.35,1.82,0.53
2017-12-15,2.35,1.84,0.51
2017-12-18,2.39,1.84,0.55
2017-12-19,2.46,1.87,0.5899999999999999
2017-12-20,2.49,1.87,0.6200000000000001
2017-12-21,2.48,1.89,0.5900000000000001
2017-12-22,2.48,1.91,0.5700000000000001
2017-12-25,,,
2017-12-26,2.47,1.92,0.5500000000000003
2017-12-27,2.42,1.89,0.53
2017-12-28,2.43,1.91,0.5200000000000002
2017-12-29,2.4,1.89,0.51
2018-01-01,,,
2018-01-02,2.46,1.92,0.54
2018-01-03,2.44,1.94,0.5
2018-01-04,2.46,1.96,0.5
2018-01-05,2.47,1.96,0.5100000000000002
2018-01-08,2.49,1.96,0.5300000000000002
2018-01-09,2.55,1.98,0.5699999999999998
2018-01-10,2.55,1.98,0.5699999999999998
2018-01-11,2.54,1.98,0.56
2018-01-12,2.55,1.99,0.5599999999999998
2018-01-15,,,
2018-01-16,2.54,2.03,0.5100000000000002
2018-01-17,2.57,2.05,0.52
2018-01-18,2.62,2.05,0.5700000000000003
2018-01-19,2.64,2.06,0.5800000000000001
2018-01-22,2.66,2.08,0.5800000000000001
2018-01-23,2.63,2.06,0.5699999999999998
2018-01-24,2.65,2.08,0.5699999999999998
2018-01-25,2.63,2.08,0.5499999999999998
2018-01-26,2.66,2.13,0.5300000000000002
2018-01-29,2.7,2.11,0.5900000000000003
2018-01-30,2.73,2.13,0.6000000000000001
2018-01-31,2.72,2.14,0.5800000000000001
2018-02-01,2.78,2.16,0.6199999999999997
2018-02-02,2.84,2.15,0.69
2018-02-05,2.77,2.08,0.69
2018-02-06,2.79,2.1,0.69
2018-02-07,2.84,2.15,0.69
2018-02-08,2.85,2.13,0.7200000000000002
2018-02-09,2.83,2.05,0.7800000000000002
2018-02-12,2.86,2.09,0.77
2018-02-13,2.83,2.1,0.73
2018-02-14,2.91,2.17,0.7400000000000002
2018-02-15,2.9,2.19,0.71
2018-02-16,2.87,2.21,0.6600000000000001
2018-02-19,,,
2018-02-20,2.88,2.25,0.6299999999999999
2018-02-21,2.94,2.26,0.6800000000000002
2018-02-22,2.92,2.25,0.6699999999999999
2018-02-23,2.88,2.25,0.6299999999999999
2018-02-26,2.86,2.22,0.6399999999999997
2018-02-27,2.9,2.27,0.6299999999999999
2018-02-28,2.87,2.25,0.6200000000000001
2018-03-01,2.81,2.22,0.5899999999999999
2018-03-02,2.86,2.25,0.6099999999999999
2018-03-05,2.88,2.24,0.6399999999999997
2018-03-06,2.88,2.25,0.6299999999999999
2018-03-07,2.89,2.25,0.6400000000000001
2018-03-08,2.86,2.25,0.6099999999999999
2018-03-09,2.9,2.27,0.6299999999999999
2018-03-12,2.87,2.27,0.6000000000000001
2018-03-13,2.84,2.26,0.5800000000000001
2018-03-14,2.81,2.26,0.5500000000000003
2018-03-15,2.82,2.29,0.5299999999999998
2018-03-16,2.85,2.31,0.54
2018-03-19,2.85,2.31,0.54
2018-03-20,2.89,2.34,0.5500000000000003
2018-03-21,2.89,2.31,0.5800000000000001
2018-03-22,2.83,2.29,0.54
2018-03-23,2.82,2.28,0.54
2018-03-26,2.85,2.33,0.52
2018-03-27,2.78,2.26,0.52
2018-03-28,2.77,2.28,0.4900000000000002
2018-03-29,2.74,2.27,0.4700000000000002
2018-03-30,,,
2018-04-02,2.73,2.25,0.48
2018-04-03,2.79,2.28,0.5100000000000002
2018-04-04,2.79,2.28,0.5100000000000002
2018-04-05,2.83,2.3,0.5300000000000002
2018-04-06,2.77,2.27,0.5
2018-04-09,2.78,2.29,0.48999999999999977
2018-04-10,2.8,2.32,0.48
2018-04-11,2.79,2.32,0.4700000000000002
2018-04-12,2.83,2.34,0.4900000000000002
2018-04-13,2.82,2.37,0.44999999999999973
2018-04-16,2.83,2.39,0.43999999999999995
2018-04-17,2.82,2.41,0.4099999999999997
2018-04-18,2.87,2.42,0.4500000000000002
2018-04-19,2.92,2.44,0.48
2018-04-20,2.96,2.46,0.5
2018-04-23,2.98,2.49,0.48999999999999977
2018-04-24,3.0,2.48,0.52
2018-04-25,3.03,2.49,0.5399999999999996
2018-04-26,3.0,2.49,0.5099999999999998
2018-04-27,2.96,2.49,0.46999999999999975
2018-04-30,2.95,2.49,0.45999999999999996
2018-05-01,2.97,2.5,0.4700000000000002
2018-05-02,2.97,2.49,0.48
2018-05-03,2.94,2.49,0.44999999999999973
2018-05-04,2.95,2.51,0.4400000000000004
2018-05-07,2.95,2.49,0.45999999999999996
2018-05-08,2.97,2.51,0.4600000000000004
2018-05-09,3.0,2.54,0.45999999999999996
2018-05-10,2.97,2.54,0.43000000000000016
2018-05-11,2.97,2.54,0.43000000000000016
2018-05-14,3.0,2.55,0.4500000000000002
2018-05-15,3.08,2.58,0.5
2018-05-16,3.09,2.58,0.5099999999999998
2018-05-17,3.11,2.57,0.54
2018-05-18,3.06,2.55,0.5100000000000002
2018-05-21,3.06,2.58,0.48
2018-05-22,3.06,2.59,0.4700000000000002
2018-05-23,3.01,2.53,0.48
2018-05-24,2.98,2.5,0.48
2018-05-25,2.93,2.48,0.4500000000000002
2018-05-28,,,
2018-05-29,2.77,2.32,0.4500000000000002
2018-05-30,2.84,2.42,0.41999999999999993
2018-05-31,2.83,2.4,0.43000000000000016
2018-06-01,2.89,2.47,0.41999999999999993
2018-06-04,2.94,2.52,0.41999999999999993
2018-06-05,2.92,2.49,0.4299999999999997
2018-06-06,2.97,2.52,0.4500000000000002
2018-06-07,2.93,2.5,0.43000000000000016
2018-06-08,2.93,2.5,0.43000000000000016
2018-06-11,2.96,2.52,0.43999999999999995
2018-06-12,2.96,2.54,0.41999999999999993
2018-06-13,2.98,2.59,0.3900000000000001
2018-06-14,2.94,2.59,0.3500000000000001
2018-06-15,2.93,2.55,0.38000000000000034
2018-06-18,2.92,2.56,0.3599999999999999
2018-06-19,2.89,2.54,0.3500000000000001
2018-06-20,2.93,2.56,0.3700000000000001
2018-06-21,2.9,2.56,0.33999999999999986
2018-06-22,2.9,2.56,0.33999999999999986
2018-06-25,2.87,2.54,0.33000000000000007
2018-06-26,2.88,2.53,0.3500000000000001
2018-06-27,2.83,2.52,0.31000000000000005
2018-06-28,2.84,2.52,0.31999999999999984
2018-06-29,2.85,2.52,0.33000000000000007
2018-07-02,2.87,2.57,0.30000000000000027
2018-07-03,2.83,2.53,0.30000000000000027
2018-07-04,,,
2018-07-05,2.84,2.55,0.29000000000000004
2018-07-06,2.82,2.53,0.29000000000000004
2018-07-09,2.86,2.57,0.29000000000000004
2018-07-10,2.87,2.59,0.28000000000000025
2018-07-11,2.85,2.58,0.27
2018-07-12,2.85,2.6,0.25
2018-07-13,2.83,2.59,0.2400000000000002
2018-07-16,2.85,2.59,0.26000000000000023
2018-07-17,2.86,2.62,0.23999999999999977
2018-07-18,2.88,2.6,0.2799999999999998
2018-07-19,2.84,2.6,0.23999999999999977
2018-07-20,2.89,2.6,0.29000000000000004
2018-07-23,2.96,2.64,0.31999999999999984
2018-07-24,2.95,2.63,0.3200000000000003
2018-07-25,2.94,2.66,0.2799999999999998
2018-07-26,2.98,2.69,0.29000000000000004
2018-07-27,2.96,2.67,0.29000000000000004
2018-07-30,2.98,2.66,0.31999999999999984
2018-07-31,2.96,2.67,0.29000000000000004
2018-08-01,3.0,2.67,0.33000000000000007
2018-08-02,2.98,2.66,0.31999999999999984
2018-08-03,2.95,2.63,0.3200000000000003
2018-08-06,2.94,2.64,0.2999999999999998
2018-08-07,2.98,2.68,0.2999999999999998
2018-08-08,2.96,2.68,0.2799999999999998
2018-08-09,2.93,2.64,0.29000000000000004
2018-08-10,2.87,2.61,0.26000000000000023
2018-08-13,2.88,2.61,0.27
2018-08-14,2.89,2.63,0.26000000000000023
2018-08-15,2.86,2.61,0.25
2018-08-16,2.87,2.63,0.2400000000000002
2018-08-17,2.87,2.61,0.26000000000000023
2018-08-20,2.82,2.6,0.21999999999999975
2018-08-21,2.85,2.61,0.2400000000000002
2018-08-22,2.82,2.6,0.21999999999999975
2018-08-23,2.82,2.61,0.20999999999999996
2018-08-24,2.82,2.63,0.18999999999999995
2018-08-27,2.85,2.67,0.18000000000000016
2018-08-28,2.88,2.67,0.20999999999999996
2018-08-29,2.89,2.67,0.2200000000000002
2018-08-30,2.86,2.64,0.21999999999999975
2018-08-31,2.86,2.62,0.23999999999999977
2018-09-03,,,
2018-09-04,2.9,2.66,0.23999999999999977
2018-09-05,2.9,2.66,0.23999999999999977
2018-09-06,2.88,2.64,0.23999999999999977
2018-09-07,2.94,2.71,0.22999999999999998
2018-09-10,2.94,2.73,0.20999999999999996
2018-09-11,2.98,2.76,0.2200000000000002
2018-09-12,2.97,2.74,0.22999999999999998
2018-09-13,2.97,2.76,0.2100000000000004
2018-09-14,2.99,2.78,0.2100000000000004
2018-09-17,2.99,2.78,0.2100000000000004
2018-09-18,3.05,2.81,0.23999999999999977
2018-09-19,3.08,2.81,0.27
2018-09-20,3.07,2.81,0.2599999999999998
2018-09-21,3.07,2.81,0.2599999999999998
2018-09-24,3.08,2.83,0.25
2018-09-25,3.1,2.83,0.27
2018-09-26,3.06,2.83,0.22999999999999998
2018-09-27,3.06,2.83,0.22999999999999998
2018-09-28,3.05,2.81,0.23999999999999977
2018-10-01,3.09,2.82,0.27
2018-10-02,3.05,2.82,0.22999999999999998
2018-10-03,3.15,2.85,0.2999999999999998
2018-10-04,3.19,2.87,0.31999999999999984
2018-10-05,3.23,2.88,0.3500000000000001
2018-10-08,,,
2018-10-09,3.21,2.88,0.33000000000000007
2018-10-10,3.22,2.88,0.3400000000000003
2018-10-11,3.14,2.85,0.29000000000000004
2018-10-12,3.15,2.85,0.2999999999999998
2018-10-15,3.16,2.85,0.31000000000000005
2018-10-16,3.16,2.87,0.29000000000000004
2018-10-17,3.19,2.89,0.2999999999999998
2018-10-18,3.17,2.87,0.2999999999999998
2018-10-19,3.2,2.92,0.28000000000000025
2018-10-22,3.2,2.92,0.28000000000000025
2018-10-23,3.17,2.89,0.2799999999999998
2018-10-24,3.1,2.84,0.26000000000000023
2018-10-25,3.14,2.86,0.28000000000000025
2018-10-26,3.08,2.81,0.27
2018-10-29,3.08,2.81,0.27
2018-10-30,3.12,2.84,0.28000000000000025
2018-10-31,3.15,2.87,0.2799999999999998
2018-11-01,3.14,2.84,0.30000000000000027
2018-11-02,3.22,2.91,0.31000000000000005
2018-11-05,3.2,2.91,0.29000000000000004
2018-11-06,3.22,2.93,0.29000000000000004
2018-11-07,3.22,2.96,0.26000000000000023
2018-11-08,3.24,2.98,0.26000000000000023
2018-11-09,3.19,2.94,0.25
2018-11-12,,,
2018-11-13,3.14,2.89,0.25
2018-11-14,3.12,2.86,0.26000000000000023
2018-11-15,3.11,2.86,0.25
2018-11-16,3.08,2.81,0.27
2018-11-19,3.06,2.79,0.27
2018-11-20,3.06,2.79,0.27
2018-11-21,3.06,2.81,0.25
2018-11-22,,,
2018-11-23,3.05,2.81,0.23999999999999977
2018-11-26,3.07,2.84,0.22999999999999998
2018-11-27,3.06,2.83,0.22999999999999998
2018-11-28,3.06,2.81,0.25
2018-11-29,3.03,2.81,0.21999999999999975
2018-11-30,3.01,2.8,0.20999999999999996
2018-12-03,2.98,2.83,0.1499999999999999
2018-12-04,2.91,2.8,0.11000000000000032
2018-12-05,,,
2018-12-06,2.87,2.75,0.1200000000000001
2018-12-07,2.85,2.72,0.1299999999999999
2018-12-10,2.85,2.72,0.1299999999999999
2018-12-11,2.89,2.78,0.11000000000000032
2018-12-12,2.91,2.77,0.14000000000000012
2018-12-13,2.91,2.75,0.16000000000000014
2018-12-14,2.89,2.73,0.16000000000000014
2018-12-17,2.86,2.7,0.1599999999999997
2018-12-18,2.82,2.65,0.16999999999999993
2018-12-19,2.77,2.63,0.14000000000000012
2018-12-20,2.79,2.67,0.1200000000000001
2018-12-21,2.79,2.63,0.16000000000000014
2018-12-24,2.74,2.55,0.1900000000000004
2018-12-25,,,
2018-12-26,2.81,2.61,0.20000000000000018
2018-12-27,2.77,2.56,0.20999999999999996
2018-12-28,2.72,2.52,0.20000000000000018
2018-12-31,2.69,2.48,0.20999999999999996
